Acquisition Date,DIV,Genotype,Dish,Trial,Magnification,Chamber,Neuron,FPS,Bitdepth,Peak Num,Peak Location (s),Peak Value,Amplitude,FWHM (s),Mean Rise Rate (s^-1),Stdev Mean Rise Rate(s^-1),Peak Rise Rate (s^-1),Mean Fall Rate(s^-1),Stdev Mean Fall Rate(s^-1),Peak Fall Rate (s^-1),Frequency (Hz),I - Maximum,I - Minimum,I - Mean,I - Stdev,dI/dt - Maximum,dI/dt - Minimum,dI/dt - Mean,dI/dt - Stdev,I - Start,I - End,
mm/dd/yyyy,,WT,,,20X,Microwell,1,1,16,1,79.000000,1.270663,0.319221,11.113692,0.049177,0.026402,0.078091,-0.036002,0.033363,-0.091016,0.000000,1.270663,0.617907,0.875810,0.145365,0.137068,-0.091016,-0.000981,0.032347,1.045689,0.673773
mm/dd/yyyy,,WT,,,20X,Microwell,2,1,16,1,67.000000,1.202695,0.314489,4.337010,0.202695,0.000000,0.202695,-0.089264,0.055097,-0.128224,0.000000,1.202695,0.743495,0.919185,0.104066,0.202695,-0.128224,-0.000793,0.039663,1.151985,0.851318
mm/dd/yyyy,,WT,,,20X,Microwell,3,1,16,1,67.000000,1.122514,0.268362,5.880809,0.073702,0.069031,0.122514,-0.107799,0.043464,-0.138533,0.000000,1.140299,0.719193,0.924674,0.078979,0.189111,-0.138533,-0.000823,0.047555,1.140299,0.828379
mm/dd/yyyy,,WT,,,20X,Microwell,3,1,16,2,631.000000,1.079125,0.263906,8.395051,0.070885,0.059399,0.112886,-0.082475,0.038228,-0.115535,0.001773,1.140299,0.719193,0.924674,0.078979,0.189111,-0.138533,-0.000823,0.047555,1.140299,0.828379
mm/dd/yyyy,,WT,,,20X,Microwell,3,1,16,3,688.000000,1.014000,0.193315,4.820453,0.157746,0.000000,0.157746,-0.051146,0.020246,-0.065461,0.017544,1.140299,0.719193,0.924674,0.078979,0.189111,-0.138533,-0.000823,0.047555,1.140299,0.828379
mm/dd/yyyy,,WT,,,20X,Microwell,3,1,16,4,762.000000,1.016229,0.012151,7.561528,0.063885,0.057229,0.104351,-0.029535,0.018164,-0.042380,0.013514,1.140299,0.719193,0.924674,0.078979,0.189111,-0.138533,-0.000823,0.047555,1.140299,0.828379
mm/dd/yyyy,,WT,,,20X,Microwell,4,1,16,1,67.000000,1.158847,0.338484,4.553370,0.158847,0.000000,0.158847,-0.095093,0.114218,-0.175858,0.000000,1.158847,0.618349,0.826447,0.148567,0.158847,-0.175858,-0.001306,0.032344,1.133151,0.638349
mm/dd/yyyy,,WT,,,20X,Microwell,5,1,16,1,31.000000,1.267345,0.154552,8.539420,0.087979,0.000000,0.087979,-0.071803,0.047051,-0.117506,0.000000,1.346200,0.658211,0.934052,0.152397,0.346200,-0.202627,-0.001415,0.063258,1.225085,0.688791
mm/dd/yyyy,,WT,,,20X,Microwell,5,1,16,2,67.000000,1.346200,0.475737,4.416700,0.346200,0.000000,0.346200,-0.119586,0.117438,-0.202627,0.027778,1.346200,0.658211,0.934052,0.152397,0.346200,-0.202627,-0.001415,0.063258,1.225085,0.688791
mm/dd/yyyy,,WT,,,20X,Microwell,5,1,16,3,90.000000,1.227943,0.124022,2.352616,0.027672,0.000000,0.027672,-0.096351,0.000000,-0.096351,0.043478,1.346200,0.658211,0.934052,0.152397,0.346200,-0.202627,-0.001415,0.063258,1.225085,0.688791
mm/dd/yyyy,,WT,,,20X,Microwell,5,1,16,4,122.000000,1.213856,0.337127,3.234197,0.108507,0.062990,0.153048,-0.060056,0.060190,-0.102617,0.031250,1.346200,0.658211,0.934052,0.152397,0.346200,-0.202627,-0.001415,0.063258,1.225085,0.688791
mm/dd/yyyy,,WT,,,20X,Microwell,5,1,16,5,144.000000,1.126128,0.251755,1.901321,0.177311,0.000000,0.177311,-0.074444,0.000000,-0.074444,0.045455,1.346200,0.658211,0.934052,0.152397,0.346200,-0.202627,-0.001415,0.063258,1.225085,0.688791
mm/dd/yyyy,,WT,,,20X,Microwell,5,1,16,6,178.000000,1.023210,0.139112,2.386715,0.077000,0.000000,0.077000,-0.062111,0.000000,-0.062111,0.029412,1.346200,0.658211,0.934052,0.152397,0.346200,-0.202627,-0.001415,0.063258,1.225085,0.688791
mm/dd/yyyy,,WT,,,20X,Microwell,5,1,16,7,675.000000,0.923250,0.258221,1.337938,0.142821,0.000000,0.142821,-0.115400,0.000000,-0.115400,0.002012,1.346200,0.658211,0.934052,0.152397,0.346200,-0.202627,-0.001415,0.063258,1.225085,0.688791
mm/dd/yyyy,,WT,,,20X,Microwell,5,1,16,8,710.000000,0.898687,0.215159,2.908811,0.050932,0.000000,0.050932,-0.164227,0.000000,-0.164227,0.028571,1.346200,0.658211,0.934052,0.152397,0.346200,-0.202627,-0.001415,0.063258,1.225085,0.688791
mm/dd/yyyy,,WT,,,20X,Microwell,5,1,16,9,760.000000,0.855324,0.083016,3.795540,0.029502,0.030237,0.050882,-0.119009,0.000000,-0.119009,0.020000,1.346200,0.658211,0.934052,0.152397,0.346200,-0.202627,-0.001415,0.063258,1.225085,0.688791
mm/dd/yyyy,,WT,,,20X,Microwell,5,1,16,10,765.000000,0.869210,0.251755,1.463113,0.164778,0.000000,0.164778,-0.086976,0.000000,-0.086976,0.200000,1.346200,0.658211,0.934052,0.152397,0.346200,-0.202627,-0.001415,0.063258,1.225085,0.688791
mm/dd/yyyy,,WT,,,20X,Microwell,5,1,16,11,788.000000,0.832113,0.182474,4.246754,0.078454,0.039701,0.106527,-0.051183,0.000000,-0.051183,0.043478,1.346200,0.658211,0.934052,0.152397,0.346200,-0.202627,-0.001415,0.063258,1.225085,0.688791
mm/dd/yyyy,,WT,,,20X,Microwell,6,1,16,1,67.000000,1.089774,0.368404,8.215432,0.057990,0.032246,0.089774,-0.063160,0.065053,-0.155952,0.000000,1.089774,0.625098,0.844858,0.080218,0.190239,-0.155952,-0.001013,0.055502,1.062399,0.678464
mm/dd/yyyy,,WT,,,20X,Microwell,6,1,16,2,88.000000,0.995161,0.078667,5.919360,0.036569,0.048261,0.070695,-0.148670,0.000000,-0.148670,0.047619,1.089774,0.625098,0.844858,0.080218,0.190239,-0.155952,-0.001013,0.055502,1.062399,0.678464
mm/dd/yyyy,,WT,,,20X,Microwell,6,1,16,3,118.000000,0.986128,0.163879,1.850600,0.086963,0.000000,0.086963,-0.076916,0.000000,-0.076916,0.033333,1.089774,0.625098,0.844858,0.080218,0.190239,-0.155952,-0.001013,0.055502,1.062399,0.678464
mm/dd/yyyy,,WT,,,20X,Microwell,6,1,16,4,169.000000,0.945251,0.204065,1.534354,0.117793,0.000000,0.117793,-0.086271,0.000000,-0.086271,0.019608,1.089774,0.625098,0.844858,0.080218,0.190239,-0.155952,-0.001013,0.055502,1.062399,0.678464
mm/dd/yyyy,,WT,,,20X,Microwell,6,1,16,5,657.000000,0.896078,0.283147,1.107027,0.155261,0.000000,0.155261,-0.127886,0.000000,-0.127886,0.002049,1.089774,0.625098,0.844858,0.080218,0.190239,-0.155952,-0.001013,0.055502,1.062399,0.678464
mm/dd/yyyy,,WT,,,20X,Microwell,6,1,16,6,680.000000,0.864187,0.222453,1.696833,0.098069,0.000000,0.098069,-0.124384,0.000000,-0.124384,0.043478,1.089774,0.625098,0.844858,0.080218,0.190239,-0.155952,-0.001013,0.055502,1.062399,0.678464
mm/dd/yyyy,,WT,,,20X,Microwell,6,1,16,7,729.000000,0.861422,0.066224,10.249637,0.044011,0.016505,0.063044,-0.022697,0.022720,-0.056132,0.020408,1.089774,0.625098,0.844858,0.080218,0.190239,-0.155952,-0.001013,0.055502,1.062399,0.678464
mm/dd/yyyy,,WT,,,20X,Microwell,7,1,16,1,67.000000,1.113235,0.243102,5.581518,0.050577,0.054265,0.113235,-0.051674,0.047259,-0.085091,0.000000,1.113235,0.705596,0.887973,0.112027,0.113235,-0.109434,-0.000923,0.032936,1.087432,0.737677
mm/dd/yyyy,,WT,,,20X,Microwell,8,1,16,1,75.000000,1.095754,0.221937,1.920495,0.113519,0.000000,0.113519,-0.108418,0.000000,-0.108418,0.000000,1.095754,0.748408,0.912623,0.075755,0.148169,-0.179477,-0.000601,0.057318,1.012558,0.784677
mm/dd/yyyy,,WT,,,20X,Microwell,8,1,16,2,88.000000,1.060858,0.136314,2.802603,0.023182,0.000000,0.023182,-0.113132,0.000000,-0.113132,0.076923,1.095754,0.748408,0.912623,0.075755,0.148169,-0.179477,-0.000601,0.057318,1.012558,0.784677
mm/dd/yyyy,,WT,,,20X,Microwell,8,1,16,3,137.000000,1.030358,0.203328,1.497541,0.096563,0.000000,0.096563,-0.106765,0.000000,-0.106765,0.020408,1.095754,0.748408,0.912623,0.075755,0.148169,-0.179477,-0.000601,0.057318,1.012558,0.784677
mm/dd/yyyy,,WT,,,20X,Microwell,8,1,16,4,622.000000,1.051184,0.280297,332.628248,0.040540,0.032243,0.134379,-0.046510,0.033793,-0.179477,0.002062,1.095754,0.748408,0.912623,0.075755,0.148169,-0.179477,-0.000601,0.057318,1.012558,0.784677
mm/dd/yyyy,,WT,,,20X,Microwell,8,1,16,5,688.000000,0.930629,0.131073,5.862425,0.057111,0.079225,0.113132,-0.031179,0.027282,-0.054913,0.015152,1.095754,0.748408,0.912623,0.075755,0.148169,-0.179477,-0.000601,0.057318,1.012558,0.784677
mm/dd/yyyy,,WT,,,20X,Microwell,8,1,16,6,696.000000,0.954761,0.158617,2.175524,0.129665,0.000000,0.129665,-0.028951,0.000000,-0.028951,0.125000,1.095754,0.748408,0.912623,0.075755,0.148169,-0.179477,-0.000601,0.057318,1.012558,0.784677
mm/dd/yyyy,,WT,,,20X,Microwell,8,1,16,7,724.000000,0.977381,0.233651,3.671679,0.072554,0.088180,0.134907,-0.102086,0.000000,-0.102086,0.035714,1.095754,0.748408,0.912623,0.075755,0.148169,-0.179477,-0.000601,0.057318,1.012558,0.784677
mm/dd/yyyy,,WT,,,20X,Microwell,8,1,16,8,796.000000,0.917508,0.156823,3.432058,0.054209,0.055769,0.093643,-0.062617,0.000000,-0.062617,0.013889,1.095754,0.748408,0.912623,0.075755,0.148169,-0.179477,-0.000601,0.057318,1.012558,0.784677
mm/dd/yyyy,,WT,,,20X,Microwell,9,1,16,1,51.000000,1.149513,0.045126,6.049016,0.072218,0.073927,0.124492,-0.015232,0.015452,-0.026158,0.000000,1.622827,0.654387,0.900039,0.166226,0.306133,-0.242405,-0.001224,0.057930,1.174695,0.710804
mm/dd/yyyy,,WT,,,20X,Microwell,9,1,16,2,75.000000,1.622827,0.632981,9.214431,0.128056,0.120004,0.306133,-0.063756,0.038977,-0.097807,0.041667,1.622827,0.654387,0.900039,0.166226,0.306133,-0.242405,-0.001224,0.057930,1.174695,0.710804
mm/dd/yyyy,,WT,,,20X,Microwell,9,1,16,3,654.000000,0.927823,0.356580,1.497568,0.114175,0.000000,0.114175,-0.242405,0.000000,-0.242405,0.001727,1.622827,0.654387,0.900039,0.166226,0.306133,-0.242405,-0.001224,0.057930,1.174695,0.710804
mm/dd/yyyy,,WT,,,20X,Microwell,9,1,16,4,771.000000,0.853331,0.219984,3.064277,0.068725,0.063703,0.113769,-0.093258,0.000000,-0.093258,0.008547,1.622827,0.654387,0.900039,0.166226,0.306133,-0.242405,-0.001224,0.057930,1.174695,0.710804
mm/dd/yyyy,,WT,,,20X,Microwell,9,1,16,5,796.000000,0.829082,0.098335,3.329097,0.024249,0.027917,0.043989,-0.097400,0.000000,-0.097400,0.040000,1.622827,0.654387,0.900039,0.166226,0.306133,-0.242405,-0.001224,0.057930,1.174695,0.710804
mm/dd/yyyy,,WT,,,20X,Microwell,10,1,16,1,67.000000,1.168043,0.354403,4.489836,0.085454,0.116799,0.168043,-0.091748,0.076720,-0.145997,0.000000,1.205941,0.718130,0.876842,0.102146,0.168043,-0.149361,-0.001038,0.043725,1.205941,0.812442
mm/dd/yyyy,,WT,,,20X,Microwell,10,1,16,2,742.000000,0.899161,0.227088,2.829312,0.086120,0.000000,0.086120,-0.140968,0.000000,-0.140968,0.001481,1.205941,0.718130,0.876842,0.102146,0.168043,-0.149361,-0.001038,0.043725,1.205941,0.812442
mm/dd/yyyy,,WT,,,20X,Microwell,11,1,16,1,67.000000,1.211092,0.468987,7.201413,0.133525,0.109697,0.211092,-0.081660,0.103334,-0.199347,0.000000,1.211092,0.706905,0.881452,0.078306,0.211092,-0.199347,-0.000797,0.043151,1.028884,0.726740
mm/dd/yyyy,,WT,,,20X,Microwell,11,1,16,2,117.000000,1.055284,0.233766,1.384486,0.131822,0.000000,0.131822,-0.101945,0.000000,-0.101945,0.020000,1.211092,0.706905,0.881452,0.078306,0.211092,-0.199347,-0.000797,0.043151,1.028884,0.726740
mm/dd/yyyy,,WT,,,20X,Microwell,12,1,16,1,67.000000,1.120369,0.183144,7.212696,0.083395,0.052288,0.120369,-0.034062,0.044373,-0.085149,0.000000,1.120369,0.669149,0.859625,0.112536,0.134395,-0.114318,-0.000909,0.040494,1.042202,0.697853
mm/dd/yyyy,,WT,,,20X,Microwell,13,1,16,1,67.000000,1.051653,0.221233,10.787637,0.050275,0.021342,0.070334,-0.041173,0.031147,-0.073938,0.000000,1.142822,0.699859,0.857578,0.072746,0.165811,-0.170864,-0.001014,0.052155,1.142822,0.758678
mm/dd/yyyy,,WT,,,20X,Microwell,13,1,16,2,93.000000,1.042581,0.202634,5.101138,0.031922,0.026347,0.056955,-0.067973,0.000527,-0.068346,0.038462,1.142822,0.699859,0.857578,0.072746,0.165811,-0.170864,-0.001014,0.052155,1.142822,0.758678
mm/dd/yyyy,,WT,,,20X,Microwell,13,1,16,3,117.000000,1.026634,0.304656,1.123190,0.142987,0.000000,0.142987,-0.161668,0.000000,-0.161668,0.041667,1.142822,0.699859,0.857578,0.072746,0.165811,-0.170864,-0.001014,0.052155,1.142822,0.758678
mm/dd/yyyy,,WT,,,20X,Microwell,13,1,16,4,622.000000,0.935010,0.384144,388.954472,0.038770,0.032772,0.142987,-0.039632,0.032020,-0.170864,0.001980,1.142822,0.699859,0.857578,0.072746,0.165811,-0.170864,-0.001014,0.052155,1.142822,0.758678
mm/dd/yyyy,,WT,,,20X,Microwell,13,1,16,5,742.000000,0.933560,0.336675,1.216071,0.165811,0.000000,0.165811,-0.170864,0.000000,-0.170864,0.008333,1.142822,0.699859,0.857578,0.072746,0.165811,-0.170864,-0.001014,0.052155,1.142822,0.758678
mm/dd/yyyy,,WT,,,20X,Microwell,14,1,16,1,38.000000,1.201670,0.262502,1.628502,0.100299,0.000000,0.100299,-0.162204,0.000000,-0.162204,0.000000,3.449151,0.695372,0.931139,0.343601,0.871105,-0.444206,-0.001068,0.091499,1.162297,0.757697
mm/dd/yyyy,,WT,,,20X,Microwell,14,1,16,2,77.000000,3.449151,2.894710,8.153392,0.543933,0.337874,0.871105,-0.179744,0.099249,-0.271506,0.025641,3.449151,0.695372,0.931139,0.343601,0.871105,-0.444206,-0.001068,0.091499,1.162297,0.757697
mm/dd/yyyy,,WT,,,20X,Microwell,14,1,16,3,688.000000,0.887946,0.254572,4.431732,0.169621,0.000000,0.169621,-0.063701,0.005443,-0.067550,0.001637,3.449151,0.695372,0.931139,0.343601,0.871105,-0.444206,-0.001068,0.091499,1.162297,0.757697
mm/dd/yyyy,,WT,,,20X,Microwell,14,1,16,4,732.000000,0.867326,0.186089,2.768998,0.108043,0.000000,0.108043,-0.078046,0.000000,-0.078046,0.022727,3.449151,0.695372,0.931139,0.343601,0.871105,-0.444206,-0.001068,0.091499,1.162297,0.757697
mm/dd/yyyy,,WT,,,20X,Microwell,14,1,16,5,800.000000,0.878895,0.131974,2.801018,0.070582,0.000000,0.070582,-0.061392,0.000000,-0.061392,0.014706,3.449151,0.695372,0.931139,0.343601,0.871105,-0.444206,-0.001068,0.091499,1.162297,0.757697
mm/dd/yyyy,,WT,,,20X,Microwell,16,1,16,1,77.000000,1.318753,0.402341,9.534856,0.044879,0.041905,0.092209,-0.046399,0.028650,-0.088230,0.000000,1.318753,0.641918,0.834524,0.130423,0.092209,-0.149876,-0.000948,0.033191,1.030419,0.671126
mm/dd/yyyy,,WT,,,20X,Microwell,17,1,16,1,33.000000,1.048420,0.134172,4.259627,0.072796,0.000000,0.072796,-0.091275,0.000000,-0.091275,0.000000,1.155683,0.668951,0.852748,0.098074,0.166272,-0.193181,-0.000835,0.053197,1.026079,0.709647
mm/dd/yyyy,,WT,,,20X,Microwell,17,1,16,2,67.000000,1.143059,0.187118,5.226270,0.117084,0.036734,0.143059,-0.193181,0.000000,-0.193181,0.029412,1.155683,0.668951,0.852748,0.098074,0.166272,-0.193181,-0.000835,0.053197,1.026079,0.709647
mm/dd/yyyy,,WT,,,20X,Microwell,17,1,16,3,70.000000,1.139861,0.251983,1.194134,0.125908,0.000000,0.125908,-0.126074,0.000000,-0.126074,0.333333,1.155683,0.668951,0.852748,0.098074,0.166272,-0.193181,-0.000835,0.053197,1.026079,0.709647
mm/dd/yyyy,,WT,,,20X,Microwell,17,1,16,4,77.000000,1.155683,0.353225,1.678219,0.166272,0.000000,0.166272,-0.186952,0.000000,-0.186952,0.142857,1.155683,0.668951,0.852748,0.098074,0.166272,-0.193181,-0.000835,0.053197,1.026079,0.709647
mm/dd/yyyy,,WT,,,20X,Microwell,17,1,16,5,181.000000,0.950251,0.158756,3.635101,0.064906,0.000000,0.064906,-0.060027,0.039964,-0.088285,0.009615,1.155683,0.668951,0.852748,0.098074,0.166272,-0.193181,-0.000835,0.053197,1.026079,0.709647
mm/dd/yyyy,,WT,,,20X,Microwell,17,1,16,6,744.000000,0.904821,0.204435,4.167166,0.041527,0.003054,0.043686,-0.060691,0.033739,-0.084548,0.001776,1.155683,0.668951,0.852748,0.098074,0.166272,-0.193181,-0.000835,0.053197,1.026079,0.709647
mm/dd/yyyy,,WT,,,20X,Microwell,18,1,16,1,43.000000,1.094140,0.140954,2.549316,0.103162,0.000000,0.103162,-0.037792,0.000000,-0.037792,0.000000,1.254756,0.679236,0.917651,0.079650,0.254756,-0.198408,-0.000987,0.059931,1.096651,0.722645
mm/dd/yyyy,,WT,,,20X,Microwell,18,1,16,2,67.000000,1.254756,0.444695,5.223513,0.254756,0.000000,0.254756,-0.137401,0.086278,-0.198408,0.041667,1.254756,0.679236,0.917651,0.079650,0.254756,-0.198408,-0.000987,0.059931,1.096651,0.722645
mm/dd/yyyy,,WT,,,20X,Microwell,18,1,16,3,136.000000,1.020854,0.204920,1.684097,0.137847,0.000000,0.137847,-0.067072,0.000000,-0.067072,0.014493,1.254756,0.679236,0.917651,0.079650,0.254756,-0.198408,-0.000987,0.059931,1.096651,0.722645
mm/dd/yyyy,,WT,,,20X,Microwell,18,1,16,4,159.000000,1.012087,0.221475,1.603075,0.081415,0.000000,0.081415,-0.140060,0.000000,-0.140060,0.043478,1.254756,0.679236,0.917651,0.079650,0.254756,-0.198408,-0.000987,0.059931,1.096651,0.722645
mm/dd/yyyy,,WT,,,20X,Microwell,18,1,16,5,622.000000,1.030727,0.374005,426.161752,0.049230,0.040222,0.254756,-0.043295,0.033756,-0.151636,0.002160,1.254756,0.679236,0.917651,0.079650,0.254756,-0.198408,-0.000987,0.059931,1.096651,0.722645
mm/dd/yyyy,,WT,,,20X,Microwell,18,1,16,6,668.000000,0.949823,0.266034,1.222809,0.157254,0.000000,0.157254,-0.108780,0.000000,-0.108780,0.021739,1.254756,0.679236,0.917651,0.079650,0.254756,-0.198408,-0.000987,0.059931,1.096651,0.722645
mm/dd/yyyy,,WT,,,20X,Microwell,18,1,16,7,688.000000,1.005362,0.328127,3.894835,0.207729,0.000000,0.207729,-0.085692,0.093260,-0.151636,0.050000,1.254756,0.679236,0.917651,0.079650,0.254756,-0.198408,-0.000987,0.059931,1.096651,0.722645
mm/dd/yyyy,,WT,,,20X,Microwell,18,1,16,8,734.000000,0.991233,0.161723,2.928685,0.113844,0.000000,0.113844,-0.047878,0.000000,-0.047878,0.021739,1.254756,0.679236,0.917651,0.079650,0.254756,-0.198408,-0.000987,0.059931,1.096651,0.722645
mm/dd/yyyy,,WT,,,20X,Microwell,18,1,16,9,765.000000,0.982508,0.201260,1.592411,0.104013,0.000000,0.104013,-0.097246,0.000000,-0.097246,0.032258,1.254756,0.679236,0.917651,0.079650,0.254756,-0.198408,-0.000987,0.059931,1.096651,0.722645
mm/dd/yyyy,,WT,,,20X,Microwell,18,1,16,10,811.000000,0.881049,0.281866,1.381818,0.201813,0.000000,0.201813,-0.080053,0.000000,-0.080053,0.021739,1.254756,0.679236,0.917651,0.079650,0.254756,-0.198408,-0.000987,0.059931,1.096651,0.722645
mm/dd/yyyy,,WT,,,20X,Microwell,19,1,16,1,67.000000,1.167263,0.269003,5.917173,0.120744,0.065788,0.167263,-0.085093,0.077292,-0.139747,0.000000,1.167263,0.678682,0.876095,0.107848,0.167263,-0.139747,-0.000893,0.044255,1.085781,0.747472
mm/dd/yyyy,,WT,,,20X,Microwell,20,1,16,1,67.000000,1.156736,0.269130,4.573180,0.156736,0.000000,0.156736,-0.079715,0.023403,-0.096263,0.000000,1.162567,0.664566,0.861041,0.129048,0.156736,-0.127193,-0.001099,0.045952,1.137494,0.721013
mm/dd/yyyy,,WT,,,20X,Microwell,21,1,16,1,73.000000,1.082045,0.093377,4.608133,0.074291,0.000000,0.074291,-0.075293,0.000000,-0.075293,0.000000,1.082045,0.615541,0.802877,0.122433,0.114395,-0.111938,-0.001022,0.030535,1.002720,0.615541
mm/dd/yyyy,,WT,,,20X,Microwell,21,1,16,2,80.000000,1.082045,0.123724,8.819991,0.033484,0.009936,0.040510,-0.046275,0.035162,-0.077751,0.142857,1.082045,0.615541,0.802877,0.122433,0.114395,-0.111938,-0.001022,0.030535,1.002720,0.615541
mm/dd/yyyy,,WT,,,20X,Microwell,22,1,16,1,73.000000,6.658715,6.717963,10.208049,1.012975,0.925506,2.471484,-0.330618,0.225055,-0.604311,0.000000,6.658715,0.611907,0.945135,0.854504,2.471484,-0.907370,-0.000984,0.183812,1.024677,0.651653
mm/dd/yyyy,,WT,,,20X,Microwell,22,1,16,2,724.000000,0.778813,0.198809,1.638703,0.115828,0.000000,0.115828,-0.082981,0.000000,-0.082981,0.001536,6.658715,0.611907,0.945135,0.854504,2.471484,-0.907370,-0.000984,0.183812,1.024677,0.651653
mm/dd/yyyy,,WT,,,20X,Microwell,23,1,16,1,119.000000,1.081580,0.255384,85.210600,0.035649,0.021637,0.075285,-0.023910,0.019652,-0.077507,0.000000,1.081580,0.704813,0.895653,0.113408,0.100370,-0.139772,-0.000647,0.034774,0.973403,0.728232
mm/dd/yyyy,,WT,,,20X,Microwell,24,1,16,1,29.000000,1.115521,0.151085,4.073374,0.032503,0.010689,0.040062,-0.132761,0.000000,-0.132761,0.000000,1.145338,0.789239,0.941750,0.068442,0.125182,-0.139008,-0.000561,0.052493,1.055845,0.843085
mm/dd/yyyy,,WT,,,20X,Microwell,24,1,16,2,67.000000,1.118311,0.276808,5.682067,0.118311,0.000000,0.118311,-0.066006,0.042901,-0.097364,0.026316,1.145338,0.789239,0.941750,0.068442,0.125182,-0.139008,-0.000561,0.052493,1.055845,0.843085
mm/dd/yyyy,,WT,,,20X,Microwell,24,1,16,3,77.000000,1.145338,0.262316,1.719397,0.125182,0.000000,0.125182,-0.137134,0.000000,-0.137134,0.100000,1.145338,0.789239,0.941750,0.068442,0.125182,-0.139008,-0.000561,0.052493,1.055845,0.843085
mm/dd/yyyy,,WT,,,20X,Microwell,24,1,16,4,140.000000,0.976388,0.177862,1.870617,0.105693,0.000000,0.105693,-0.072169,0.000000,-0.072169,0.015873,1.145338,0.789239,0.941750,0.068442,0.125182,-0.139008,-0.000561,0.052493,1.055845,0.843085
mm/dd/yyyy,,WT,,,20X,Microwell,24,1,16,5,648.000000,1.063924,0.198851,9.102040,0.049917,0.006974,0.057969,-0.099946,0.025206,-0.117770,0.001969,1.145338,0.789239,0.941750,0.068442,0.125182,-0.139008,-0.000561,0.052493,1.055845,0.843085
mm/dd/yyyy,,WT,,,20X,Microwell,24,1,16,6,726.000000,1.048932,0.145255,4.280147,0.096573,0.000000,0.096573,-0.139008,0.000000,-0.139008,0.012821,1.145338,0.789239,0.941750,0.068442,0.125182,-0.139008,-0.000561,0.052493,1.055845,0.843085
mm/dd/yyyy,,WT,,,20X,Microwell,25,1,16,1,67.000000,1.151807,0.281959,4.183372,0.151807,0.000000,0.151807,-0.080167,0.043706,-0.111072,0.000000,1.240870,0.695325,0.933313,0.132138,0.151807,-0.121626,-0.001270,0.039428,1.240870,0.759516
mm/dd/yyyy,,WT,,,20X,Microwell,25,1,16,2,106.000000,1.124167,0.153609,10.514458,0.043631,0.011942,0.052190,-0.039877,0.014502,-0.050002,0.025641,1.240870,0.695325,0.933313,0.132138,0.151807,-0.121626,-0.001270,0.039428,1.240870,0.759516
mm/dd/yyyy,,WT,,,20X,Microwell,25,1,16,3,182.000000,1.091444,0.265774,1.173342,0.147785,0.000000,0.147785,-0.117990,0.000000,-0.117990,0.013158,1.240870,0.695325,0.933313,0.132138,0.151807,-0.121626,-0.001270,0.039428,1.240870,0.759516
mm/dd/yyyy,,WT,,,20X,Microwell,25,1,16,4,701.000000,0.890376,0.173397,6.544633,0.026256,0.014516,0.036520,-0.050291,0.035863,-0.081792,0.001927,1.240870,0.695325,0.933313,0.132138,0.151807,-0.121626,-0.001270,0.039428,1.240870,0.759516
mm/dd/yyyy,,WT,,,20X,Microwell,25,1,16,5,749.000000,0.890762,0.159465,8.290925,0.052640,0.052056,0.089449,-0.023271,0.011519,-0.036552,0.020833,1.240870,0.695325,0.933313,0.132138,0.151807,-0.121626,-0.001270,0.039428,1.240870,0.759516
mm/dd/yyyy,,WT,,,20X,Microwell,26,1,16,1,67.000000,1.158807,0.217073,5.140688,0.158807,0.000000,0.158807,-0.086992,0.046645,-0.119975,0.000000,1.191900,0.615163,0.848797,0.134442,0.158807,-0.160620,-0.001474,0.051243,1.191900,0.633227
mm/dd/yyyy,,WT,,,20X,Microwell,26,1,16,2,95.000000,1.113052,0.286518,1.126362,0.125898,0.000000,0.125898,-0.160620,0.000000,-0.160620,0.035714,1.191900,0.615163,0.848797,0.134442,0.158807,-0.160620,-0.001474,0.051243,1.191900,0.633227
mm/dd/yyyy,,WT,,,20X,Microwell,26,1,16,3,174.000000,0.948693,0.099615,2.795662,0.038462,0.000000,0.038462,-0.061153,0.000000,-0.061153,0.012658,1.191900,0.615163,0.848797,0.134442,0.158807,-0.160620,-0.001474,0.051243,1.191900,0.633227
mm/dd/yyyy,,WT,,,20X,Microwell,26,1,16,4,193.000000,0.965129,0.232250,3.009949,0.067854,0.010994,0.075627,-0.048271,0.035128,-0.073110,0.052632,1.191900,0.615163,0.848797,0.134442,0.158807,-0.160620,-0.001474,0.051243,1.191900,0.633227
mm/dd/yyyy,,WT,,,20X,Microwell,26,1,16,5,751.000000,0.827793,0.194529,6.026341,0.048105,0.008874,0.054379,-0.054971,0.022877,-0.071148,0.001792,1.191900,0.615163,0.848797,0.134442,0.158807,-0.160620,-0.001474,0.051243,1.191900,0.633227
mm/dd/yyyy,,WT,,,20X,Microwell,27,1,16,1,67.000000,1.159926,0.300196,4.609165,0.159926,0.000000,0.159926,-0.089345,0.083419,-0.148331,0.000000,1.173064,0.502350,0.807632,0.176253,0.159926,-0.176083,-0.001598,0.041596,1.173064,0.567459
mm/dd/yyyy,,WT,,,20X,Microwell,27,1,16,2,720.000000,0.722823,0.212548,1.594710,0.102158,0.000000,0.102158,-0.110391,0.000000,-0.110391,0.001531,1.173064,0.502350,0.807632,0.176253,0.159926,-0.176083,-0.001598,0.041596,1.173064,0.567459
mm/dd/yyyy,,WT,,,20X,Microwell,28,1,16,1,32.000000,1.114308,0.166546,2.141116,0.063481,0.000000,0.063481,-0.103066,0.000000,-0.103066,0.000000,1.198359,0.812414,0.960156,0.050257,0.198359,-0.242824,-0.000597,0.049691,1.083291,0.856879
mm/dd/yyyy,,WT,,,20X,Microwell,28,1,16,2,67.000000,1.198359,0.402827,5.862306,0.117255,0.114698,0.198359,-0.134607,0.153042,-0.242824,0.028571,1.198359,0.812414,0.960156,0.050257,0.198359,-0.242824,-0.000597,0.049691,1.083291,0.856879
mm/dd/yyyy,,WT,,,20X,Microwell,28,1,16,3,118.000000,1.075989,0.201287,1.672698,0.116514,0.000000,0.116514,-0.084773,0.000000,-0.084773,0.019608,1.198359,0.812414,0.960156,0.050257,0.198359,-0.242824,-0.000597,0.049691,1.083291,0.856879
mm/dd/yyyy,,WT,,,20X,Microwell,28,1,16,4,622.000000,1.061818,0.161232,303.440474,0.042256,0.037533,0.198359,-0.033683,0.027684,-0.113585,0.001984,1.198359,0.812414,0.960156,0.050257,0.198359,-0.242824,-0.000597,0.049691,1.083291,0.856879
mm/dd/yyyy,,WT,,,20X,Microwell,28,1,16,5,727.000000,1.056901,0.184875,3.472171,0.116008,0.000000,0.116008,-0.036639,0.021447,-0.051804,0.009524,1.198359,0.812414,0.960156,0.050257,0.198359,-0.242824,-0.000597,0.049691,1.083291,0.856879
mm/dd/yyyy,,WT,,,20X,Microwell,29,1,16,1,32.000000,1.119248,0.222321,1.536729,0.112837,0.000000,0.112837,-0.109484,0.000000,-0.109484,0.000000,1.190857,0.743502,0.931704,0.068236,0.235341,-0.298713,-0.000683,0.062895,1.129704,0.870691
mm/dd/yyyy,,WT,,,20X,Microwell,29,1,16,2,38.000000,1.075800,0.207476,2.806086,0.158012,0.000000,0.158012,-0.049465,0.000000,-0.049465,0.166667,1.190857,0.743502,0.931704,0.068236,0.235341,-0.298713,-0.000683,0.062895,1.129704,0.870691
mm/dd/yyyy,,WT,,,20X,Microwell,29,1,16,3,67.000000,1.190857,0.485772,5.810127,0.145164,0.064618,0.190857,-0.166272,0.187299,-0.298713,0.034483,1.190857,0.743502,0.931704,0.068236,0.235341,-0.298713,-0.000683,0.062895,1.129704,0.870691
mm/dd/yyyy,,WT,,,20X,Microwell,29,1,16,4,77.000000,1.078266,0.228683,1.721441,0.124920,0.000000,0.124920,-0.103763,0.000000,-0.103763,0.100000,1.190857,0.743502,0.931704,0.068236,0.235341,-0.298713,-0.000683,0.062895,1.129704,0.870691
mm/dd/yyyy,,WT,,,20X,Microwell,29,1,16,5,177.000000,0.944568,0.132909,2.468820,0.037481,0.000000,0.037481,-0.095428,0.000000,-0.095428,0.010000,1.190857,0.743502,0.931704,0.068236,0.235341,-0.298713,-0.000683,0.062895,1.129704,0.870691
mm/dd/yyyy,,WT,,,20X,Microwell,29,1,16,6,646.000000,1.084579,0.249938,7.852385,0.069931,0.074962,0.156039,-0.047542,0.039285,-0.078019,0.002132,1.190857,0.743502,0.931704,0.068236,0.235341,-0.298713,-0.000683,0.062895,1.129704,0.870691
mm/dd/yyyy,,WT,,,20X,Microwell,29,1,16,7,758.000000,1.015190,0.139616,9.540766,0.052292,0.028978,0.069636,-0.039207,0.016077,-0.056468,0.008929,1.190857,0.743502,0.931704,0.068236,0.235341,-0.298713,-0.000683,0.062895,1.129704,0.870691
mm/dd/yyyy,,WT,,,20X,Microwell,29,1,16,8,806.000000,0.997337,0.158406,3.209023,0.123292,0.000000,0.123292,-0.082458,0.000000,-0.082458,0.020833,1.190857,0.743502,0.931704,0.068236,0.235341,-0.298713,-0.000683,0.062895,1.129704,0.870691
mm/dd/yyyy,,WT,,,20X,Microwell,30,1,16,1,622.000000,1.014800,0.321231,243.325866,0.031637,0.027924,0.181982,-0.030928,0.025248,-0.122016,0.000000,1.100372,0.591495,0.843527,0.095229,0.181982,-0.131988,-0.001120,0.040477,1.100372,0.676059