Acquisition Date,DIV,Genotype,Dish,Trial,Magnification,Chamber,Neuron,FPS,Bitdepth,Peak Num,Peak Location (s),Peak Value,Amplitude,FWHM (s),Mean Rise Rate (s^-1),Stdev Mean Rise Rate(s^-1),Peak Rise Rate (s^-1),Mean Fall Rate(s^-1),Stdev Mean Fall Rate(s^-1),Peak Fall Rate (s^-1),Frequency (Hz),I - Maximum,I - Minimum,I - Mean,I - Stdev,dI/dt - Maximum,dI/dt - Minimum,dI/dt - Mean,dI/dt - Stdev,I - Start,I - End
mm/dd/yyyy,,WT,,,20X,Microwell,1,1,16,1,41,1.788339,0.844955,3.053977,0.39417,0.444797,0.708689,-0.24316,0,-0.24316,0,2.013275,0.989986,1.359063,0.228721,0.708689,-0.533962,0.000056,0.057257,1.134948,1.164412
mm/dd/yyyy,,WT,,,20X,Microwell,1,1,16,2,73,1.846643,0.400056,64.892622,0.04467,0.047931,0.186545,-0.017522,0.011254,-0.041097,0.03125,2.013275,0.989986,1.359063,0.228721,0.708689,-0.533962,0.000056,0.057257,1.134948,1.164412
mm/dd/yyyy,,WT,,,20X,Microwell,1,1,16,3,181,1.78265,0.584958,24.107311,0.056188,0.12001,0.352714,-0.035925,0.032558,-0.096626,0.009259,2.013275,0.989986,1.359063,0.228721,0.708689,-0.533962,0.000056,0.057257,1.134948,1.164412
mm/dd/yyyy,,WT,,,20X,Microwell,1,1,16,4,253,2.013275,0.676658,26.846388,0.133517,0.140338,0.388237,-0.021048,0.016943,-0.050371,0.013889,2.013275,0.989986,1.359063,0.228721,0.708689,-0.533962,0.000056,0.057257,1.134948,1.164412
mm/dd/yyyy,,WT,,,20X,Microwell,2,1,16,1,41,1.369525,0.516461,2.660823,0.348797,0,0.348797,-0.167664,0,-0.167664,0,1.660301,0.648746,1.061341,0.210589,0.691609,-0.283648,-0.000669,0.041328,1.001107,0.648746
mm/dd/yyyy,,WT,,,20X,Microwell,2,1,16,2,62,1.580371,0.768219,76.062016,0.045498,0.067514,0.348797,-0.012374,0.008779,-0.031533,0.047619,1.660301,0.648746,1.061341,0.210589,0.691609,-0.283648,-0.000669,0.041328,1.001107,0.648746
mm/dd/yyyy,,WT,,,20X,Microwell,2,1,16,3,467,1.660301,0.962558,21.197313,0.119989,0.280059,0.691609,-0.026925,0.010482,-0.041682,0.002469,1.660301,0.648746,1.061341,0.210589,0.691609,-0.283648,-0.000669,0.041328,1.001107,0.648746
mm/dd/yyyy,,WT,,,20X,Microwell,3,1,16,1,41,1.420052,0.577915,2.94744,0.387069,0,0.387069,-0.190846,0,-0.190846,0,1.64144,0.827407,1.282596,0.159336,0.387069,-0.306488,0.000535,0.034381,0.933674,1.215719
mm/dd/yyyy,,WT,,,20X,Microwell,3,1,16,2,74,1.64144,0.788506,132.289453,0.038671,0.063419,0.387069,-0.016052,0.012424,-0.043871,0.030303,1.64144,0.827407,1.282596,0.159336,0.387069,-0.306488,0.000535,0.034381,0.933674,1.215719
mm/dd/yyyy,,WT,,,20X,Microwell,3,1,16,3,262,1.507929,0.242669,18.681197,0.026283,0.01196,0.04098,-0.024014,0.018399,-0.044684,0.005319,1.64144,0.827407,1.282596,0.159336,0.387069,-0.306488,0.000535,0.034381,0.933674,1.215719
mm/dd/yyyy,,WT,,,20X,Microwell,3,1,16,4,481,1.609904,0.43957,17.228112,0.033274,0.01881,0.066846,-0.026992,0.012446,-0.045362,0.004566,1.64144,0.827407,1.282596,0.159336,0.387069,-0.306488,0.000535,0.034381,0.933674,1.215719
mm/dd/yyyy,,WT,,,20X,Microwell,4,1,16,1,41,1.670201,0.732385,3.039693,0.335101,0.41816,0.630785,-0.137058,0,-0.137058,0,1.99369,0.9685,1.372377,0.25035,0.630785,-0.266895,0.000137,0.042257,1.01629,1.088261
mm/dd/yyyy,,WT,,,20X,Microwell,4,1,16,2,88,1.99369,0.7142,93.244822,0.03452,0.028862,0.102776,-0.027952,0.020253,-0.072739,0.021277,1.99369,0.9685,1.372377,0.25035,0.630785,-0.266895,0.000137,0.042257,1.01629,1.088261
mm/dd/yyyy,,WT,,,20X,Microwell,4,1,16,3,262,1.604635,0.348271,30.205166,0.038378,0.049246,0.169326,-0.021498,0.012657,-0.040664,0.005747,1.99369,0.9685,1.372377,0.25035,0.630785,-0.266895,0.000137,0.042257,1.01629,1.088261
mm/dd/yyyy,,WT,,,20X,Microwell,4,1,16,4,479,1.363865,0.204904,20.031358,0.029189,0.011742,0.043375,-0.017817,0.013967,-0.039033,0.004608,1.99369,0.9685,1.372377,0.25035,0.630785,-0.266895,0.000137,0.042257,1.01629,1.088261
mm/dd/yyyy,,WT,,,20X,Microwell,5,1,16,1,41,1.502185,0.65467,2.919567,0.461951,0,0.461951,-0.192718,0,-0.192718,0,1.618987,0.798869,1.138777,0.206233,0.461951,-0.296938,0.000272,0.036851,0.8269,0.970301
mm/dd/yyyy,,WT,,,20X,Microwell,5,1,16,2,61,1.595797,0.285968,19.053359,0.027749,0.01529,0.045782,-0.023364,0.015211,-0.045727,0.05,1.618987,0.798869,1.138777,0.206233,0.461951,-0.296938,0.000272,0.036851,0.8269,0.970301
mm/dd/yyyy,,WT,,,20X,Microwell,5,1,16,3,121,1.618987,0.474625,134.931366,0.018966,0.012474,0.05434,-0.020689,0.017044,-0.091618,0.016667,1.618987,0.798869,1.138777,0.206233,0.461951,-0.296938,0.000272,0.036851,0.8269,0.970301
mm/dd/yyyy,,WT,,,20X,Microwell,6,1,16,1,41,1.509802,0.527967,3.166349,0.254901,0.272303,0.447448,-0.082497,0,-0.082497,0,1.62924,0.986997,1.218311,0.157796,0.447448,-0.204507,-0.000064,0.035922,1.094925,1.061275
mm/dd/yyyy,,WT,,,20X,Microwell,6,1,16,2,66,1.62924,0.763875,64.032685,0.050787,0.091987,0.447448,-0.017875,0.012194,-0.051995,0.04,1.62924,0.986997,1.218311,0.157796,0.447448,-0.204507,-0.000064,0.035922,1.094925,1.061275
mm/dd/yyyy,,WT,,,20X,Microwell,6,1,16,3,181,1.453095,0.399104,21.905804,0.043431,0.076195,0.214273,-0.031597,0.03092,-0.082641,0.008696,1.62924,0.986997,1.218311,0.157796,0.447448,-0.204507,-0.000064,0.035922,1.094925,1.061275
mm/dd/yyyy,,WT,,,20X,Microwell,6,1,16,4,256,1.447556,0.29936,11.867165,0.038973,0.046444,0.120823,-0.016377,0.013357,-0.037643,0.013333,1.62924,0.986997,1.218311,0.157796,0.447448,-0.204507,-0.000064,0.035922,1.094925,1.061275
mm/dd/yyyy,,WT,,,20X,Microwell,6,1,16,5,487,1.604295,0.628215,17.375656,0.040586,0.018308,0.063955,-0.047161,0.021604,-0.074278,0.004329,1.62924,0.986997,1.218311,0.157796,0.447448,-0.204507,-0.000064,0.035922,1.094925,1.061275
mm/dd/yyyy,,WT,,,20X,Microwell,7,1,16,1,41,1.683686,0.744524,3.035145,0.341843,0.383139,0.612763,-0.189045,0,-0.189045,0,1.833411,0.937343,1.440968,0.186818,0.612763,-0.551263,0.000555,0.052682,1.04753,1.340258
mm/dd/yyyy,,WT,,,20X,Microwell,7,1,16,2,66,1.833411,1.033174,222.574376,0.060044,0.101949,0.612763,-0.026524,0.022211,-0.11465,0.04,1.833411,0.937343,1.440968,0.186818,0.612763,-0.551263,0.000555,0.052682,1.04753,1.340258
mm/dd/yyyy,,WT,,,20X,Microwell,7,1,16,3,181,1.776265,0.346182,23.03682,0.050653,0.082437,0.216157,-0.044684,0.044766,-0.11465,0.008696,1.833411,0.937343,1.440968,0.186818,0.612763,-0.551263,0.000555,0.052682,1.04753,1.340258
mm/dd/yyyy,,WT,,,20X,Microwell,7,1,16,4,248,1.761249,0.373708,4.998375,0.199791,0,0.199791,-0.100433,0.090753,-0.164605,0.014925,1.833411,0.937343,1.440968,0.186818,0.612763,-0.551263,0.000555,0.052682,1.04753,1.340258
mm/dd/yyyy,,WT,,,20X,Microwell,8,1,16,1,41,1.591929,0.761305,2.777504,0.535248,0,0.535248,-0.226057,0,-0.226057,0,1.591929,0.602168,1.046863,0.073497,0.535248,-0.760705,0.000053,0.050355,1.018035,1.046198
mm/dd/yyyy,,WT,,,20X,Microwell,8,1,16,2,60,1.174085,0.196229,40.649441,0.087955,0.132673,0.535248,-0.012938,0.009399,-0.032027,0.052632,1.591929,0.602168,1.046863,0.073497,0.535248,-0.760705,0.000053,0.050355,1.018035,1.046198
mm/dd/yyyy,,WT,,,20X,Microwell,8,1,16,3,181,1.186012,0.357054,17.766933,0.047745,0.084671,0.219949,-0.085277,0.038902,-0.112784,0.008264,1.591929,0.602168,1.046863,0.073497,0.535248,-0.760705,0.000053,0.050355,1.018035,1.046198
mm/dd/yyyy,,WT,,,20X,Microwell,8,1,16,4,256,1.180126,0.165134,11.199188,0.031161,0.022215,0.061523,-0.018901,0.013014,-0.035048,0.013333,1.591929,0.602168,1.046863,0.073497,0.535248,-0.760705,0.000053,0.050355,1.018035,1.046198
mm/dd/yyyy,,WT,,,20X,Microwell,8,1,16,5,354,1.215374,0.26437,51.767621,0.018492,0.015419,0.04964,-0.023352,0.025995,-0.097326,0.010204,1.591929,0.602168,1.046863,0.073497,0.535248,-0.760705,0.000053,0.050355,1.018035,1.046198
mm/dd/yyyy,,WT,,,20X,Microwell,8,1,16,6,467,1.122868,0.211843,6.951592,0.042588,0.055486,0.081823,-0.07235,0.03196,-0.094949,0.00885,1.591929,0.602168,1.046863,0.073497,0.535248,-0.760705,0.000053,0.050355,1.018035,1.046198
mm/dd/yyyy,,WT,,,20X,Microwell,8,1,16,7,475,1.10219,0.13515,6.361186,0.028792,0.016243,0.046642,-0.027685,0.030201,-0.049041,0.125,1.591929,0.602168,1.046863,0.073497,0.535248,-0.760705,0.000053,0.050355,1.018035,1.046198
mm/dd/yyyy,,WT,,,20X,Microwell,9,1,16,1,41,1.471598,0.533168,3.181063,0.235799,0.296488,0.445447,-0.174754,0,-0.174754,0,1.472284,0.961087,1.180217,0.08745,0.445447,-0.288766,0.000138,0.036366,1.062802,1.135377
mm/dd/yyyy,,WT,,,20X,Microwell,9,1,16,2,43,1.410028,0,0.695979,0,0,0.445447,0,0,-0.039418,0.5,1.472284,0.961087,1.180217,0.08745,0.445447,-0.288766,0.000138,0.036366,1.062802,1.135377
mm/dd/yyyy,,WT,,,20X,Microwell,9,1,16,3,60,1.472284,0.608186,54.927871,0.061289,0.097999,0.18376,-0.0151,0.010504,-0.073181,0.058824,1.472284,0.961087,1.180217,0.08745,0.445447,-0.288766,0.000138,0.036366,1.062802,1.135377
mm/dd/yyyy,,WT,,,20X,Microwell,9,1,16,4,181,1.35486,0.346782,21.524148,0.03239,0.06244,0.196987,-0.028251,0.027044,-0.139476,0.008264,1.472284,0.961087,1.180217,0.08745,0.445447,-0.288766,0.000138,0.036366,1.062802,1.135377
mm/dd/yyyy,,WT,,,20X,Microwell,9,1,16,5,248,1.386846,0.392177,5.764455,0.108893,0.124584,0.046546,-0.058615,0.070151,-0.037257,0.014925,1.472284,0.961087,1.180217,0.08745,0.445447,-0.288766,0.000138,0.036366,1.062802,1.135377
mm/dd/yyyy,,WT,,,20X,Microwell,9,1,16,6,355,1.271279,0.115345,7.121796,0.043436,0.004398,0.096242,-0.016266,0.016082,-0.080289,0.009346,1.472284,0.961087,1.180217,0.08745,0.445447,-0.288766,0.000138,0.036366,1.062802,1.135377
mm/dd/yyyy,,WT,,,20X,Microwell,9,1,16,7,467,1.235759,0.222512,5.652728,0.052049,0.062499,0.042891,-0.066356,0.019705,-0.02502,0.008929,1.472284,0.961087,1.180217,0.08745,0.445447,-0.288766,0.000138,0.036366,1.062802,1.135377
mm/dd/yyyy,,WT,,,20X,Microwell,10,1,16,1,41,1.508207,0.591982,3.133272,0.254104,0.285908,0.456271,-0.171612,0,-0.171612,0,1.649726,0.927546,1.288285,0.135244,0.456271,-0.338889,0.000287,0.038778,1.018013,1.169192
mm/dd/yyyy,,WT,,,20X,Microwell,10,1,16,2,71,1.649726,0.768876,47.002762,0.037634,0.029804,0.11069,-0.021792,0.016954,-0.05021,0.033333,1.649726,0.927546,1.288285,0.135244,0.456271,-0.338889,0.000287,0.038778,1.018013,1.169192
mm/dd/yyyy,,WT,,,20X,Microwell,10,1,16,3,181,1.462837,0.279672,16.066385,0.071665,0.076877,0.186827,-0.038494,0.015768,-0.053872,0.009091,1.649726,0.927546,1.288285,0.135244,0.456271,-0.338889,0.000287,0.038778,1.018013,1.169192
mm/dd/yyyy,,WT,,,20X,Microwell,10,1,16,4,248,1.499137,0.234848,4.468188,0.075284,0.080636,0.132302,-0.15,0,-0.15,0.014925,1.649726,0.927546,1.288285,0.135244,0.456271,-0.338889,0.000287,0.038778,1.018013,1.169192
mm/dd/yyyy,,WT,,,20X,Microwell,10,1,16,5,257,1.51795,0.3,13.400338,0.018883,0.024215,0.067088,-0.036721,0.016242,-0.049327,0.111111,1.649726,0.927546,1.288285,0.135244,0.456271,-0.338889,0.000287,0.038778,1.018013,1.169192
mm/dd/yyyy,,WT,,,20X,Microwell,10,1,16,6,354,1.410122,0.13407,3.995322,0.038331,0.006294,0.042782,-0.028704,0.021219,-0.043708,0.010309,1.649726,0.927546,1.288285,0.135244,0.456271,-0.338889,0.000287,0.038778,1.018013,1.169192
mm/dd/yyyy,,WT,,,20X,Microwell,10,1,16,7,428,1.303851,0.272433,52.154172,0.022471,0.015502,0.060248,-0.011095,0.007783,-0.029419,0.013514,1.649726,0.927546,1.288285,0.135244,0.456271,-0.338889,0.000287,0.038778,1.018013,1.169192
mm/dd/yyyy,,WT,,,20X,Microwell,10,1,16,8,475,1.298948,0.129419,7.145398,0.033467,0.01828,0.054082,-0.01593,0.011636,-0.025526,0.021277,1.649726,0.927546,1.288285,0.135244,0.456271,-0.338889,0.000287,0.038778,1.018013,1.169192
mm/dd/yyyy,,WT,,,20X,Microwell,11,1,16,1,41,1.746006,0,0.667774,0,0,0.220316,0,0,-0.531772,0,2.376462,0.967941,1.470796,0.197822,0.636278,-0.531772,0.000257,0.060105,1.247703,1.383171
mm/dd/yyyy,,WT,,,20X,Microwell,11,1,16,2,43,1.75282,0.657059,3.111661,0.220316,0,0.025794,-0.325123,0.292246,-0.091218,0.5,2.376462,0.967941,1.470796,0.197822,0.636278,-0.531772,0.000257,0.060105,1.247703,1.383171
mm/dd/yyyy,,WT,,,20X,Microwell,11,1,16,3,62,1.795243,0.074979,7.469773,0.020964,0.00683,0.151211,-0.034322,0.049533,-0.082106,0.052632,2.376462,0.967941,1.470796,0.197822,0.636278,-0.531772,0.000257,0.060105,1.247703,1.383171
mm/dd/yyyy,,WT,,,20X,Microwell,11,1,16,4,67,1.817304,0.762218,42.738521,0.053568,0.047699,0.23196,-0.032371,0.021006,-0.1362,0.2,2.376462,0.967941,1.470796,0.197822,0.636278,-0.531772,0.000257,0.060105,1.247703,1.383171
mm/dd/yyyy,,WT,,,20X,Microwell,11,1,16,5,181,1.897817,0.551535,28.672389,0.051671,0.070827,0.069418,-0.049588,0.043051,-0.041223,0.008772,2.376462,0.967941,1.470796,0.197822,0.636278,-0.531772,0.000257,0.060105,1.247703,1.383171
mm/dd/yyyy,,WT,,,20X,Microwell,11,1,16,6,225,1.683218,0.110641,1.862594,0.069418,0,0.182696,-0.041223,0,-0.156642,0.022727,2.376462,0.967941,1.470796,0.197822,0.636278,-0.531772,0.000257,0.060105,1.247703,1.383171
mm/dd/yyyy,,WT,,,20X,Microwell,11,1,16,7,248,1.79151,0.284566,3.500857,0.093045,0.126786,0.328008,-0.156642,0,-0.112782,0.043478,2.376462,0.967941,1.470796,0.197822,0.636278,-0.531772,0.000257,0.060105,1.247703,1.383171
mm/dd/yyyy,,WT,,,20X,Microwell,11,1,16,8,254,2.376462,1.097927,10.58062,0.148319,0.112309,0.047489,-0.071267,0.03899,-0.069079,0.166667,2.376462,0.967941,1.470796,0.197822,0.636278,-0.531772,0.000257,0.060105,1.247703,1.383171
mm/dd/yyyy,,WT,,,20X,Microwell,11,1,16,9,327,1.573909,0.116567,1.641069,0.047489,0,0.111033,-0.069079,0,-0.068165,0.013699,2.376462,0.967941,1.470796,0.197822,0.636278,-0.531772,0.000257,0.060105,1.247703,1.383171
mm/dd/yyyy,,WT,,,20X,Microwell,11,1,16,10,351,1.600825,0.179198,2.03489,0.111033,0,0.036236,-0.068165,0,-0.077303,0.041667,2.376462,0.967941,1.470796,0.197822,0.636278,-0.531772,0.000257,0.060105,1.247703,1.383171
mm/dd/yyyy,,WT,,,20X,Microwell,11,1,16,11,356,1.543338,0.113539,2.280254,0.036236,0,0.0401,-0.077303,0,-0.0908,0.2,2.376462,0.967941,1.470796,0.197822,0.636278,-0.531772,0.000257,0.060105,1.247703,1.383171
mm/dd/yyyy,,WT,,,20X,Microwell,11,1,16,12,416,1.454104,0.1309,1.682063,0.0401,0,0.085787,-0.0908,0,-0.062213,0.016667,2.376462,0.967941,1.470796,0.197822,0.636278,-0.531772,0.000257,0.060105,1.247703,1.383171
mm/dd/yyyy,,WT,,,20X,Microwell,11,1,16,13,421,1.480368,0.108735,22.594764,0.03712,0.026273,0.166823,-0.030628,0.02134,-0.146538,0.2,2.376462,0.967941,1.470796,0.197822,0.636278,-0.531772,0.000257,0.060105,1.247703,1.383171
mm/dd/yyyy,,WT,,,20X,Microwell,11,1,16,14,467,1.494022,0.358866,5.219293,0.088437,0.110855,0.039108,-0.063057,0.07458,-0.044643,0.021739,2.376462,0.967941,1.470796,0.197822,0.636278,-0.531772,0.000257,0.060105,1.247703,1.383171
mm/dd/yyyy,,WT,,,20X,Microwell,11,1,16,15,478,1.426405,0.139307,8.557589,0.023461,0.016029,0.043155,-0.02362,0.014078,-0.043181,0.090909,2.376462,0.967941,1.470796,0.197822,0.636278,-0.531772,0.000257,0.060105,1.247703,1.383171
mm/dd/yyyy,,WT,,,20X,Microwell,12,1,16,1,30,1.03863,0.078722,1.76785,0.053437,0,0.053437,-0.025285,0,-0.025285,0,1.716073,0.940716,1.303153,0.15356,0.68141,-0.217962,0.000019,0.049503,1.209647,1.219594
mm/dd/yyyy,,WT,,,20X,Microwell,12,1,16,2,36,1.02371,0,0.869167,0,0,0.68141,0,0,-0.159532,0.166667,1.716073,0.940716,1.303153,0.15356,0.68141,-0.217962,0.000019,0.049503,1.209647,1.219594
mm/dd/yyyy,,WT,,,20X,Microwell,12,1,16,3,41,1.716073,0.761879,3.542807,0.358036,0.457319,0.081475,-0.159532,0,-0.052659,0.2,1.716073,0.940716,1.303153,0.15356,0.68141,-0.217962,0.000019,0.049503,1.209647,1.219594
mm/dd/yyyy,,WT,,,20X,Microwell,12,1,16,4,43,1.670267,0,0.760887,0,0,0.065795,0,0,-0.002335,0.5,1.716073,0.940716,1.303153,0.15356,0.68141,-0.217962,0.000019,0.049503,1.209647,1.219594
mm/dd/yyyy,,WT,,,20X,Microwell,12,1,16,5,70,1.698457,0.495871,47.300894,0.029417,0.021305,0.055031,-0.026966,0.014326,-0.020179,0.037037,1.716073,0.940716,1.303153,0.15356,0.68141,-0.217962,0.000019,0.049503,1.209647,1.219594
mm/dd/yyyy,,WT,,,20X,Microwell,12,1,16,6,73,1.683005,0.06813,2.136364,0.065795,0,0.065605,-0.002335,0,-0.060404,0.333333,1.716073,0.940716,1.303153,0.15356,0.68141,-0.217962,0.000019,0.049503,1.209647,1.219594
mm/dd/yyyy,,WT,,,20X,Microwell,12,1,16,7,79,1.651303,0.07521,2.616837,0.055031,0,0.396135,-0.020179,0,-0.094914,0.166667,1.716073,0.940716,1.303153,0.15356,0.68141,-0.217962,0.000019,0.049503,1.209647,1.219594
mm/dd/yyyy,,WT,,,20X,Microwell,12,1,16,8,100,1.441257,0.126008,1.043055,0.065605,0,0.071622,-0.060404,0,-0.047875,0.047619,1.716073,0.940716,1.303153,0.15356,0.68141,-0.217962,0.000019,0.049503,1.209647,1.219594
mm/dd/yyyy,,WT,,,20X,Microwell,12,1,16,9,181,1.625866,0.637484,17.799562,0.094922,0.16887,0.284497,-0.043376,0.037824,-0.166594,0.012346,1.716073,0.940716,1.303153,0.15356,0.68141,-0.217962,0.000019,0.049503,1.209647,1.219594
mm/dd/yyyy,,WT,,,20X,Microwell,12,1,16,10,200,1.384499,0.119497,1.248017,0.071622,0,0.046109,-0.047875,0,-0.054386,0.052632,1.716073,0.940716,1.303153,0.15356,0.68141,-0.217962,0.000019,0.049503,1.209647,1.219594
mm/dd/yyyy,,WT,,,20X,Microwell,12,1,16,11,248,1.649955,0.548587,7.382432,0.112043,0.149499,0.044363,-0.091713,0.065672,-0.022779,0.020833,1.716073,0.940716,1.303153,0.15356,0.68141,-0.217962,0.000019,0.049503,1.209647,1.219594
mm/dd/yyyy,,WT,,,20X,Microwell,12,1,16,12,265,1.543139,0.132235,12.663815,0.03527,0.013478,0.129615,-0.036738,0.016746,-0.177148,0.058824,1.716073,0.940716,1.303153,0.15356,0.68141,-0.217962,0.000019,0.049503,1.209647,1.219594
mm/dd/yyyy,,WT,,,20X,Microwell,12,1,16,13,357,1.415858,0.091801,6.130227,0.030069,0.014689,0.041667,-0.015974,0.009624,-0.043604,0.01087,1.716073,0.940716,1.303153,0.15356,0.68141,-0.217962,0.000019,0.049503,1.209647,1.219594
mm/dd/yyyy,,WT,,,20X,Microwell,12,1,16,14,401,1.442757,0.355891,11.953731,0.037985,0.061314,0.045293,-0.071869,0.079563,-0.037434,0.022727,1.716073,0.940716,1.303153,0.15356,0.68141,-0.217962,0.000019,0.049503,1.209647,1.219594
mm/dd/yyyy,,WT,,,20X,Microwell,12,1,16,15,412,1.238729,0.085271,1.433508,0.041667,0,0.133545,-0.043604,0,-0.095047,0.090909,1.716073,0.940716,1.303153,0.15356,0.68141,-0.217962,0.000019,0.049503,1.209647,1.219594
mm/dd/yyyy,,WT,,,20X,Microwell,12,1,16,16,421,1.279713,0.074622,6.235219,0.027108,0.025718,0.02967,-0.023596,0.019571,-0.02688,0.111111,1.716073,0.940716,1.303153,0.15356,0.68141,-0.217962,0.000019,0.049503,1.209647,1.219594
mm/dd/yyyy,,WT,,,20X,Microwell,12,1,16,17,467,1.355739,0.337098,6.329376,0.053076,0.069875,0.026215,-0.05929,0.041149,-0.062833,0.021739,1.716073,0.940716,1.303153,0.15356,0.68141,-0.217962,0.000019,0.049503,1.209647,1.219594
mm/dd/yyyy,,WT,,,20X,Microwell,12,1,16,18,489,1.236052,0.05655,2.107481,0.02967,0,0.052013,-0.02688,0,-0.049754,0.045455,1.716073,0.940716,1.303153,0.15356,0.68141,-0.217962,0.000019,0.049503,1.209647,1.219594
mm/dd/yyyy,,WT,,,20X,Microwell,12,1,16,19,508,1.236755,0.089049,1.889118,0.026215,0,0.031626,-0.062833,0,-0.035099,0.052632,1.716073,0.940716,1.303153,0.15356,0.68141,-0.217962,0.000019,0.049503,1.209647,1.219594
mm/dd/yyyy,,WT,,,20X,Microwell,13,1,16,1,10,1.227158,0.140758,2.083506,0.007348,0,0.007348,-0.133409,0,-0.133409,0,2.164459,1,1.593373,0.201286,0.724798,-0.270193,0.000414,0.05837,1.22072,1.438812
mm/dd/yyyy,,WT,,,20X,Microwell,13,1,16,2,31,1.07543,0.078348,5.923747,0.012523,0.012295,0.021217,-0.039733,0.008621,-0.045829,0.047619,2.164459,1,1.593373,0.201286,0.724798,-0.270193,0.000414,0.05837,1.22072,1.438812
mm/dd/yyyy,,WT,,,20X,Microwell,13,1,16,3,38,1.067584,0.126371,1.033345,0.058787,0,0.058787,-0.067584,0,-0.067584,0.142857,2.164459,1,1.593373,0.201286,0.724798,-0.270193,0.000414,0.05837,1.22072,1.438812
mm/dd/yyyy,,WT,,,20X,Microwell,13,1,16,4,41,1.867812,0.849472,2.926292,0.724798,0,0.724798,-0.124674,0,-0.124674,0.333333,2.164459,1,1.593373,0.201286,0.724798,-0.270193,0.000414,0.05837,1.22072,1.438812
mm/dd/yyyy,,WT,,,20X,Microwell,13,1,16,5,43,1.825005,0,0.651498,0,0,0.033782,0,0,-0.05916,0.5,2.164459,1,1.593373,0.201286,0.724798,-0.270193,0.000414,0.05837,1.22072,1.438812
mm/dd/yyyy,,WT,,,20X,Microwell,13,1,16,6,59,1.896336,0.110743,3.207342,0.020803,0.018355,0.059304,-0.034568,0.034777,-0.023184,0.0625,2.164459,1,1.593373,0.201286,0.724798,-0.270193,0.000414,0.05837,1.22072,1.438812
mm/dd/yyyy,,WT,,,20X,Microwell,13,1,16,7,66,1.940178,0.082488,2.703771,0.059304,0,0.092755,-0.023184,0,-0.074995,0.142857,2.164459,1,1.593373,0.201286,0.724798,-0.270193,0.000414,0.05837,1.22072,1.438812
mm/dd/yyyy,,WT,,,20X,Microwell,13,1,16,8,74,1.95562,0.400393,45.50807,0.026173,0.025114,0.027241,-0.029035,0.021917,-0.014862,0.125,2.164459,1,1.593373,0.201286,0.724798,-0.270193,0.000414,0.05837,1.22072,1.438812
mm/dd/yyyy,,WT,,,20X,Microwell,13,1,16,9,79,1.927551,0.042103,2.210496,0.027241,0,0.043097,-0.014862,0,-0.074995,0.2,2.164459,1,1.593373,0.201286,0.724798,-0.270193,0.000414,0.05837,1.22072,1.438812
mm/dd/yyyy,,WT,,,20X,Microwell,13,1,16,10,84,1.901594,0.118091,1.387094,0.043097,0,0.02811,-0.074995,0,-0.06123,0.2,2.164459,1,1.593373,0.201286,0.724798,-0.270193,0.000414,0.05837,1.22072,1.438812
mm/dd/yyyy,,WT,,,20X,Microwell,13,1,16,11,88,1.89942,0.08934,2.157861,0.02811,0,0.018919,-0.06123,0,-0.023225,0.25,2.164459,1,1.593373,0.201286,0.724798,-0.270193,0.000414,0.05837,1.22072,1.438812
mm/dd/yyyy,,WT,,,20X,Microwell,13,1,16,12,122,1.661499,0.042144,2.946082,0.018919,0,0.036659,-0.023225,0,-0.018795,0.029412,2.164459,1,1.593373,0.201286,0.724798,-0.270193,0.000414,0.05837,1.22072,1.438812
mm/dd/yyyy,,WT,,,20X,Microwell,13,1,16,13,136,1.642103,0.055661,3.558361,0.018961,0.025029,0.593355,-0.018795,0,-0.126765,0.071429,2.164459,1,1.593373,0.201286,0.724798,-0.270193,0.000414,0.05837,1.22072,1.438812
mm/dd/yyyy,,WT,,,20X,Microwell,13,1,16,14,181,2.164459,0.860505,47.895599,0.064055,0.167351,0.014407,-0.044328,0.030433,-0.031112,0.022222,2.164459,1,1.593373,0.201286,0.724798,-0.270193,0.000414,0.05837,1.22072,1.438812
mm/dd/yyyy,,WT,,,20X,Microwell,13,1,16,15,211,1.836369,0.063651,4.580533,0.009253,0.007289,0.051211,-0.022573,0.012075,-0.019665,0.033333,2.164459,1,1.593373,0.201286,0.724798,-0.270193,0.000414,0.05837,1.22072,1.438812
mm/dd/yyyy,,WT,,,20X,Microwell,13,1,16,16,220,1.824301,0.070876,2.179316,0.051211,0,0.308487,-0.019665,0,-0.150838,0.111111,2.164459,1,1.593373,0.201286,0.724798,-0.270193,0.000414,0.05837,1.22072,1.438812
mm/dd/yyyy,,WT,,,20X,Microwell,13,1,16,17,248,2.030801,0.6207,5.373703,0.176899,0.186093,0.03995,-0.09902,0.04488,-0.083564,0.035714,2.164459,1,1.593373,0.201286,0.724798,-0.270193,0.000414,0.05837,1.22072,1.438812
mm/dd/yyyy,,WT,,,20X,Microwell,13,1,16,18,258,1.840157,0.123515,2.214804,0.03995,0,0.021466,-0.083564,0,-0.015504,0.1,2.164459,1,1.593373,0.201286,0.724798,-0.270193,0.000414,0.05837,1.22072,1.438812
mm/dd/yyyy,,WT,,,20X,Microwell,13,1,16,19,271,1.725812,0.03697,2.607224,0.021466,0,0.056179,-0.015504,0,-0.012089,0.076923,2.164459,1,1.593373,0.201286,0.724798,-0.270193,0.000414,0.05837,1.22072,1.438812
mm/dd/yyyy,,WT,,,20X,Microwell,13,1,16,20,307,1.653902,0.03492,6.201195,0.029725,0.037412,0.065659,-0.011964,0.000176,-0.040447,0.027778,2.164459,1,1.593373,0.201286,0.724798,-0.270193,0.000414,0.05837,1.22072,1.438812
mm/dd/yyyy,,WT,,,20X,Microwell,13,1,16,21,333,1.636721,0.106106,1.78228,0.065659,0,0.034568,-0.040447,0,-0.024115,0.038462,2.164459,1,1.593373,0.201286,0.724798,-0.270193,0.000414,0.05837,1.22072,1.438812
mm/dd/yyyy,,WT,,,20X,Microwell,13,1,16,22,352,1.597433,0.058684,1.814674,0.034568,0,0.066322,-0.024115,0,-0.059801,0.052632,2.164459,1,1.593373,0.201286,0.724798,-0.270193,0.000414,0.05837,1.22072,1.438812
mm/dd/yyyy,,WT,,,20X,Microwell,13,1,16,23,359,1.702505,0.147237,4.947782,0.066322,0,0.064293,-0.044835,0.021165,-0.070482,0.142857,2.164459,1,1.593373,0.201286,0.724798,-0.270193,0.000414,0.05837,1.22072,1.438812
mm/dd/yyyy,,WT,,,20X,Microwell,13,1,16,24,373,1.602298,0.134775,1.110313,0.064293,0,0.0568,-0.070482,0,-0.063237,0.071429,2.164459,1,1.593373,0.201286,0.724798,-0.270193,0.000414,0.05837,1.22072,1.438812
mm/dd/yyyy,,WT,,,20X,Microwell,13,1,16,25,380,1.62161,0.120037,1.510466,0.0568,0,0.185924,-0.063237,0,-0.131443,0.142857,2.164459,1,1.593373,0.201286,0.724798,-0.270193,0.000414,0.05837,1.22072,1.438812
mm/dd/yyyy,,WT,,,20X,Microwell,13,1,16,26,401,1.717139,0.359698,11.259363,0.069975,0.080733,0.065349,-0.093004,0.063714,-0.04082,0.047619,2.164459,1,1.593373,0.201286,0.724798,-0.270193,0.000414,0.05837,1.22072,1.438812
mm/dd/yyyy,,WT,,,20X,Microwell,13,1,16,27,431,1.655061,0.162554,14.555953,0.03655,0.023416,0.035562,-0.033523,0.010723,-0.030573,0.033333,2.164459,1,1.593373,0.201286,0.724798,-0.270193,0.000414,0.05837,1.22072,1.438812
mm/dd/yyyy,,WT,,,20X,Microwell,13,1,16,28,441,1.643283,0.066135,1.614822,0.035562,0,0.019023,-0.030573,0,-0.04111,0.1,2.164459,1,1.593373,0.201286,0.724798,-0.270193,0.000414,0.05837,1.22072,1.438812
mm/dd/yyyy,,WT,,,20X,Microwell,13,1,16,29,448,1.61865,0.060132,2.833717,0.019023,0,0.198116,-0.04111,0,-0.163527,0.142857,2.164459,1,1.593373,0.201286,0.724798,-0.270193,0.000414,0.05837,1.22072,1.438812
mm/dd/yyyy,,WT,,,20X,Microwell,13,1,16,30,454,1.578824,0,0.89198,0,0,0.011261,0,0,-0.044132,0.166667,2.164459,1,1.593373,0.201286,0.724798,-0.270193,0.000414,0.05837,1.22072,1.438812
mm/dd/yyyy,,WT,,,20X,Microwell,13,1,16,31,467,1.763714,0.459511,6.747413,0.122035,0.107596,0.058766,-0.072621,0.078766,-0.044442,0.076923,2.164459,1,1.593373,0.201286,0.724798,-0.270193,0.000414,0.05837,1.22072,1.438812
mm/dd/yyyy,,WT,,,20X,Microwell,13,1,16,32,487,1.570793,0.045912,3.266393,0.007214,0.005723,0.016663,-0.044132,0,-0.031298,0.05,2.164459,1,1.593373,0.201286,0.724798,-0.270193,0.000414,0.05837,1.22072,1.438812
mm/dd/yyyy,,WT,,,20X,Microwell,13,1,16,33,498,1.545933,0.103208,1.161155,0.058766,0,0.030822,-0.044442,0,-0.051149,0.090909,2.164459,1,1.593373,0.201286,0.724798,-0.270193,0.000414,0.05837,1.22072,1.438812
mm/dd/yyyy,,WT,,,20X,Microwell,13,1,16,34,521,1.514593,0.047961,2.383465,0.016663,0,0.037342,-0.031298,0,-0.021362,0.043478,2.164459,1,1.593373,0.201286,0.724798,-0.270193,0.000414,0.05837,1.22072,1.438812
mm/dd/yyyy,,WT,,,20X,Microwell,13,1,16,35,526,1.495467,0.081971,1.413164,0.030822,0,0.027965,-0.051149,0,-0.03817,0.2,2.164459,1,1.593373,0.201286,0.724798,-0.270193,0.000414,0.05837,1.22072,1.438812
mm/dd/yyyy,,WT,,,20X,Microwell,13,1,16,36,542,1.509253,0.058704,2.490777,0.037342,0,0.078948,-0.021362,0,-0.032788,0.0625,2.164459,1,1.593373,0.201286,0.724798,-0.270193,0.000414,0.05837,1.22072,1.438812
mm/dd/yyyy,,WT,,,20X,Microwell,13,1,16,37,558,1.503892,0.063424,3.45852,0.027965,0,0.024819,-0.022697,0.021882,-0.03639,0.0625,2.164459,1,1.593373,0.201286,0.724798,-0.270193,0.000414,0.05837,1.22072,1.438812
mm/dd/yyyy,,WT,,,20X,Microwell,13,1,16,38,566,1.505009,0.111737,1.142793,0.078948,0,0.038398,-0.032788,0,-0.0355,0.125,2.164459,1,1.593373,0.201286,0.724798,-0.270193,0.000414,0.05837,1.22072,1.438812
mm/dd/yyyy,,WT,,,20X,Microwell,13,1,16,39,572,1.515835,0.09259,7.052992,0.015944,0.005924,0.064769,-0.023991,0.017535,-0.011675,0.166667,2.164459,1,1.593373,0.201286,0.724798,-0.270193,0.000414,0.05837,1.22072,1.438812
mm/dd/yyyy,,WT,,,20X,Microwell,13,1,16,1,10,1.227158,0.140758,2.083506,0.007348,0,0.007348,-0.133409,0,-0.133409,0,2.164459,1,1.593373,0.201286,0.724798,-0.270193,0.000414,0.05837,1.22072,1.438812
mm/dd/yyyy,,WT,,,20X,Microwell,13,1,16,2,41,1.867812,0.849472,2.926292,0.724798,0,0.724798,-0.124674,0,-0.124674,0.032258,2.164459,1,1.593373,0.201286,0.724798,-0.270193,0.000414,0.05837,1.22072,1.438812
mm/dd/yyyy,,WT,,,20X,Microwell,13,1,16,3,74,1.95562,0.400393,45.50807,0.026173,0.025114,0.092755,-0.029035,0.021917,-0.074995,0.030303,2.164459,1,1.593373,0.201286,0.724798,-0.270193,0.000414,0.05837,1.22072,1.438812
mm/dd/yyyy,,WT,,,20X,Microwell,14,1,16,1,41,1.571462,0.67906,2.895137,0.531944,0,0.531944,-0.147117,0,-0.147117,0,2.820437,0.956258,1.172182,0.250514,0.714927,-0.289483,-0.000166,0.058955,1.106315,1.018769
mm/dd/yyyy,,WT,,,20X,Microwell,14,1,16,2,43,1.525492,0,0.713669,0,0,0.531944,0,0,-0.033251,0.5,2.820437,0.956258,1.172182,0.250514,0.714927,-0.289483,-0.000166,0.058955,1.106315,1.018769
mm/dd/yyyy,,WT,,,20X,Microwell,14,1,16,3,67,1.581798,0.71912,58.366435,0.058914,0.11677,0.185675,-0.01671,0.007628,-0.079871,0.041667,2.820437,0.956258,1.172182,0.250514,0.714927,-0.289483,-0.000166,0.058955,1.106315,1.018769
mm/dd/yyyy,,WT,,,20X,Microwell,14,1,16,4,181,1.440143,0.376797,21.649103,0.034969,0.067068,0.195346,-0.032304,0.028811,-0.090934,0.008772,2.820437,0.956258,1.172182,0.250514,0.714927,-0.289483,-0.000166,0.058955,1.106315,1.018769
mm/dd/yyyy,,WT,,,20X,Microwell,14,1,16,5,248,1.378143,0.28628,2.578526,0.195346,0,0.714927,-0.090934,0,-0.108465,0.014925,2.820437,0.956258,1.172182,0.250514,0.714927,-0.289483,-0.000166,0.058955,1.106315,1.018769
mm/dd/yyyy,,WT,,,20X,Microwell,14,1,16,6,254,2.820437,1.922279,9.548497,0.388104,0.30547,0.030822,-0.07781,0.027412,-0.047703,0.166667,2.820437,0.956258,1.172182,0.250514,0.714927,-0.289483,-0.000166,0.058955,1.106315,1.018769
mm/dd/yyyy,,WT,,,20X,Microwell,14,1,16,7,428,1.083863,0.088907,26.661179,0.010922,0.009571,0.136641,-0.01989,0.015231,-0.101348,0.005747,2.820437,0.956258,1.172182,0.250514,0.714927,-0.289483,-0.000166,0.058955,1.106315,1.018769
mm/dd/yyyy,,WT,,,20X,Microwell,15,1,16,1,41,1.533851,0.576397,2.964973,0.467503,0,0.467503,-0.108895,0,-0.108895,0,1.652992,0.986369,1.256699,0.171061,0.467503,-0.198443,-0.00003,0.035078,1.085469,1.069883
mm/dd/yyyy,,WT,,,20X,Microwell,15,1,16,2,67,1.652992,0.7805,66.711478,0.054882,0.097394,0.467503,-0.016735,0.012677,-0.039519,0.038462,1.652992,0.986369,1.256699,0.171061,0.467503,-0.198443,-0.00003,0.035078,1.085469,1.069883
mm/dd/yyyy,,WT,,,20X,Microwell,15,1,16,3,181,1.573201,0.470661,19.432558,0.045358,0.098888,0.269191,-0.028438,0.026637,-0.073718,0.008772,1.652992,0.986369,1.256699,0.171061,0.467503,-0.198443,-0.00003,0.035078,1.085469,1.069883
mm/dd/yyyy,,WT,,,20X,Microwell,15,1,16,4,248,1.530467,0.371261,3.868832,0.196638,0,0.196638,-0.089361,0.057378,-0.129933,0.014925,1.652992,0.986369,1.256699,0.171061,0.467503,-0.198443,-0.00003,0.035078,1.085469,1.069883
mm/dd/yyyy,,WT,,,20X,Microwell,15,1,16,5,254,1.62355,0.326496,10.235787,0.067951,0.040908,0.128485,-0.029696,0.014086,-0.043825,0.166667,1.652992,0.986369,1.256699,0.171061,0.467503,-0.198443,-0.00003,0.035078,1.085469,1.069883
mm/dd/yyyy,,WT,,,20X,Microwell,15,1,16,6,467,1.218034,0.200493,6.083775,0.047604,0.042382,0.077572,-0.058142,0.015993,-0.06945,0.004695,1.652992,0.986369,1.256699,0.171061,0.467503,-0.198443,-0.00003,0.035078,1.085469,1.069883
mm/dd/yyyy,,WT,,,20X,Microwell,15,1,16,7,479,1.302111,0.216267,12.151221,0.020534,0.015285,0.039726,-0.027231,0.017866,-0.043035,0.083333,1.652992,0.986369,1.256699,0.171061,0.467503,-0.198443,-0.00003,0.035078,1.085469,1.069883
mm/dd/yyyy,,WT,,,20X,Microwell,16,1,16,1,41,1.522959,0.625444,3.083174,0.26148,0.31133,0.481623,-0.119921,0,-0.119921,0,1.528283,0.975909,1.17773,0.124965,0.481623,-0.229517,-0.000163,0.035177,1.094861,1.009051
mm/dd/yyyy,,WT,,,20X,Microwell,16,1,16,2,67,1.528283,0.703097,64.904485,0.051021,0.098008,0.481623,-0.021555,0.020818,-0.085125,0.038462,1.528283,0.975909,1.17773,0.124965,0.481623,-0.229517,-0.000163,0.035177,1.094861,1.009051
mm/dd/yyyy,,WT,,,20X,Microwell,16,1,16,3,181,1.378035,0.22984,34.78971,0.024877,0.033389,0.103189,-0.024604,0.023901,-0.08195,0.008772,1.528283,0.975909,1.17773,0.124965,0.481623,-0.229517,-0.000163,0.035177,1.094861,1.009051
mm/dd/yyyy,,WT,,,20X,Microwell,16,1,16,4,248,1.310269,0.28827,4.35542,0.061444,0.06748,0.109159,-0.082692,0.092313,-0.147966,0.014925,1.528283,0.975909,1.17773,0.124965,0.481623,-0.229517,-0.000163,0.035177,1.094861,1.009051
mm/dd/yyyy,,WT,,,20X,Microwell,16,1,16,5,297,1.247695,0.076892,17.822953,0.020792,0.020405,0.049512,-0.0236,0.0137,-0.044207,0.020408,1.528283,0.975909,1.17773,0.124965,0.481623,-0.229517,-0.000163,0.035177,1.094861,1.009051
mm/dd/yyyy,,WT,,,20X,Microwell,16,1,16,6,433,1.138631,0.07423,18.674568,0.012017,0.00914,0.023482,-0.014375,0.009073,-0.0243,0.007353,1.528283,0.975909,1.17773,0.124965,0.481623,-0.229517,-0.000163,0.035177,1.094861,1.009051
mm/dd/yyyy,,WT,,,20X,Microwell,16,1,16,7,467,1.168425,0.236001,4.164788,0.066967,0.048886,0.101534,-0.051033,0.039474,-0.078946,0.029412,1.528283,0.975909,1.17773,0.124965,0.481623,-0.229517,-0.000163,0.035177,1.094861,1.009051
mm/dd/yyyy,,WT,,,20X,Microwell,16,1,16,8,476,1.338657,0.391326,15.505299,0.0389,0.045862,0.130702,-0.026515,0.017377,-0.050786,0.111111,1.528283,0.975909,1.17773,0.124965,0.481623,-0.229517,-0.000163,0.035177,1.094861,1.009051
mm/dd/yyyy,,WT,,,20X,Microwell,17,1,16,1,41,1.443533,0.500122,3.146295,0.221767,0.238258,0.39024,-0.070221,0,-0.070221,0,5.717694,0.92124,1.39469,0.514474,2.08419,-0.767972,0.000591,0.127247,0.92124,1.232796
mm/dd/yyyy,,WT,,,20X,Microwell,17,1,16,2,66,1.681572,0.777878,60.867224,0.048118,0.078433,0.39024,-0.010479,0.008262,-0.026815,0.04,5.717694,0.92124,1.39469,0.514474,2.08419,-0.767972,0.000591,0.127247,0.92124,1.232796
mm/dd/yyyy,,WT,,,20X,Microwell,17,1,16,3,181,1.474224,0.187855,31.165928,0.018411,0.023621,0.078497,-0.016888,0.009546,-0.029699,0.008696,5.717694,0.92124,1.39469,0.514474,2.08419,-0.767972,0.000591,0.127247,0.92124,1.232796
mm/dd/yyyy,,WT,,,20X,Microwell,17,1,16,4,248,1.464225,0.233133,4.922462,0.099302,0,0.099302,-0.072702,0.025674,-0.090856,0.014925,5.717694,0.92124,1.39469,0.514474,2.08419,-0.767972,0.000591,0.127247,0.92124,1.232796
mm/dd/yyyy,,WT,,,20X,Microwell,17,1,16,5,265,1.455536,0.145366,23.200238,0.027136,0.020473,0.052432,-0.011801,0.011549,-0.042207,0.058824,5.717694,0.92124,1.39469,0.514474,2.08419,-0.767972,0.000591,0.127247,0.92124,1.232796
mm/dd/yyyy,,WT,,,20X,Microwell,17,1,16,6,474,5.717694,4.831058,8.731507,0.989542,0.812928,2.08419,-0.218223,0.113046,-0.317716,0.004785,5.717694,0.92124,1.39469,0.514474,2.08419,-0.767972,0.000591,0.127247,0.92124,1.232796
mm/dd/yyyy,,WT,,,20X,Microwell,18,1,16,1,41,1.30874,0.414826,2.988381,0.301175,0,0.301175,-0.113651,0,-0.113651,0,2.82825,0.808472,1.071223,0.244423,0.349219,-0.259442,-0.000209,0.045883,0.952824,0.842936
mm/dd/yyyy,,WT,,,20X,Microwell,18,1,16,2,62,1.388388,0.642553,131.84555,0.023782,0.045204,0.301175,-0.013327,0.010016,-0.040202,0.047619,2.82825,0.808472,1.071223,0.244423,0.349219,-0.259442,-0.000209,0.045883,0.952824,0.842936
mm/dd/yyyy,,WT,,,20X,Microwell,18,1,16,3,481,2.82825,1.948027,10.113351,0.215003,0.132091,0.349219,-0.174602,0.054181,-0.259442,0.002387,2.82825,0.808472,1.071223,0.244423,0.349219,-0.259442,-0.000209,0.045883,0.952824,0.842936
mm/dd/yyyy,,WT,,,20X,Microwell,19,1,16,4,477,2.712475,1.438148,8.32459,0.181105,0.101807,0.28534,-0.178432,0.07732,-0.24292,0.003704,2.712475,0.889436,1.473994,0.264828,0.438352,-0.446772,0.000679,0.056019,0.889436,1.247436
mm/dd/yyyy,,WT,,,20X,Microwell,19,1,16,1,43,1.558822,0.62886,3.343158,0.141213,0,0.141213,-0.30585,0.199294,-0.446772,0,2.712475,0.889436,1.473994,0.264828,0.438352,-0.446772,0.000679,0.056019,0.889436,1.247436
mm/dd/yyyy,,WT,,,20X,Microwell,19,1,16,2,61,2.171629,1.526541,59.362888,0.087258,0.089428,0.438352,-0.032973,0.023238,-0.088626,0.055556,2.712475,0.889436,1.473994,0.264828,0.438352,-0.446772,0.000679,0.056019,0.889436,1.247436
mm/dd/yyyy,,WT,,,20X,Microwell,19,1,16,3,207,1.665016,0.292361,63.610661,0.027192,0.025758,0.11237,-0.023586,0.016322,-0.054539,0.006849,2.712475,0.889436,1.473994,0.264828,0.438352,-0.446772,0.000679,0.056019,0.889436,1.247436
mm/dd/yyyy,,WT,,,20X,Microwell,19,1,16,4,477,2.712475,1.438148,8.32459,0.181105,0.101807,0.28534,-0.178432,0.07732,-0.24292,0.003704,2.712475,0.889436,1.473994,0.264828,0.438352,-0.446772,0.000679,0.056019,0.889436,1.247436
mm/dd/yyyy,,WT,,,20X,Microwell,20,1,16,1,41,1.323115,0.52925,1.601807,0.310852,0,0.310852,-0.218398,0,-0.218398,0,1.538879,0.648465,1.111382,0.139913,0.310852,-0.378915,0.000086,0.036156,0.932513,0.977689
mm/dd/yyyy,,WT,,,20X,Microwell,20,1,16,2,64,1.538879,0.962726,132.072816,0.039355,0.053247,0.310852,-0.01602,0.010272,-0.041966,0.043478,1.538879,0.648465,1.111382,0.139913,0.310852,-0.378915,0.000086,0.036156,0.932513,0.977689
mm/dd/yyyy,,WT,,,20X,Microwell,20,1,16,3,193,1.262688,0.167445,17.45284,0.025535,0.021686,0.059629,-0.018172,0.025831,-0.061135,0.007752,1.538879,0.648465,1.111382,0.139913,0.310852,-0.378915,0.000086,0.036156,0.932513,0.977689
mm/dd/yyyy,,WT,,,20X,Microwell,20,1,16,4,292,1.166538,0.099626,93.545966,0.015599,0.014101,0.056597,-0.015691,0.011395,-0.042475,0.010101,1.538879,0.648465,1.111382,0.139913,0.310852,-0.378915,0.000086,0.036156,0.932513,0.977689
mm/dd/yyyy,,WT,,,20X,Microwell,20,1,16,5,428,1.064986,0.285553,50.534252,0.020999,0.018377,0.055092,-0.013976,0.008153,-0.029925,0.007353,1.538879,0.648465,1.111382,0.139913,0.310852,-0.378915,0.000086,0.036156,0.932513,0.977689
mm/dd/yyyy,,WT,,,20X,Microwell,20,1,16,6,475,1.216185,0.261028,8.497199,0.046227,0.044158,0.112198,-0.01903,0.013623,-0.032227,0.021277,1.538879,0.648465,1.111382,0.139913,0.310852,-0.378915,0.000086,0.036156,0.932513,0.977689
mm/dd/yyyy,,WT,,,20X,Microwell,21,1,16,1,41,1.190956,0.358768,1.314735,0.19092,0,0.19092,-0.167848,0,-0.167848,0,2.691774,0.694935,1.091904,0.225461,0.535081,-0.296508,-0.000043,0.051044,0.95609,0.933671
mm/dd/yyyy,,WT,,,20X,Microwell,21,1,16,2,65,1.477164,0.716518,104.144595,0.039901,0.039414,0.19092,-0.018466,0.015476,-0.053848,0.041667,2.691774,0.694935,1.091904,0.225461,0.535081,-0.296508,-0.000043,0.051044,0.95609,0.933671
mm/dd/yyyy,,WT,,,20X,Microwell,21,1,16,3,198,1.095887,0.08495,37.235841,0.021187,0.010346,0.045019,-0.018456,0.015216,-0.043056,0.007519,2.691774,0.694935,1.091904,0.225461,0.535081,-0.296508,-0.000043,0.051044,0.95609,0.933671
mm/dd/yyyy,,WT,,,20X,Microwell,21,1,16,4,278,1.085768,0.089801,114.14069,0.021258,0.012824,0.050996,-0.018568,0.01268,-0.041258,0.0125,2.691774,0.694935,1.091904,0.225461,0.535081,-0.296508,-0.000043,0.051044,0.95609,0.933671
mm/dd/yyyy,,WT,,,20X,Microwell,21,1,16,5,475,2.691774,2.14294,9.434401,0.275681,0.217496,0.535081,-0.152907,0.05816,-0.224911,0.005076,2.691774,0.694935,1.091904,0.225461,0.535081,-0.296508,-0.000043,0.051044,0.95609,0.933671
mm/dd/yyyy,,WT,,,20X,Microwell,22,1,16,1,9,1.150348,0.157993,2.510075,0.143606,0,0.143606,-0.014387,0,-0.014387,0,1.952829,0.854169,1.399579,0.206462,0.329757,-0.312483,0.000672,0.03925,0.854169,1.208073
mm/dd/yyyy,,WT,,,20X,Microwell,22,1,16,2,41,1.4072,0.469309,3.290689,0.2036,0.178413,0.329757,-0.098374,0,-0.098374,0.03125,1.952829,0.854169,1.399579,0.206462,0.329757,-0.312483,0.000672,0.03925,0.854169,1.208073
mm/dd/yyyy,,WT,,,20X,Microwell,22,1,16,3,63,1.952829,1.244646,75.088791,0.059369,0.067859,0.329757,-0.023423,0.011003,-0.046973,0.045455,1.952829,0.854169,1.399579,0.206462,0.329757,-0.312483,0.000672,0.03925,0.854169,1.208073
mm/dd/yyyy,,WT,,,20X,Microwell,22,1,16,4,195,1.600357,0.063519,9.663126,0.023101,0.026313,0.041707,-0.027908,0.02554,-0.052018,0.007576,1.952829,0.854169,1.399579,0.206462,0.329757,-0.312483,0.000672,0.03925,0.854169,1.208073
mm/dd/yyyy,,WT,,,20X,Microwell,22,1,16,5,258,1.541355,0.193994,13.455281,0.036062,0.016658,0.057504,-0.03876,0.017027,-0.05334,0.015873,1.952829,0.854169,1.399579,0.206462,0.329757,-0.312483,0.000672,0.03925,0.854169,1.208073
mm/dd/yyyy,,WT,,,20X,Microwell,22,1,16,6,432,1.340178,0.077642,35.50524,0.01495,0.013333,0.038314,-0.026196,0.016533,-0.065017,0.005747,1.952829,0.854169,1.399579,0.206462,0.329757,-0.312483,0.000672,0.03925,0.854169,1.208073
mm/dd/yyyy,,WT,,,20X,Microwell,22,1,16,7,475,1.577598,0.528333,18.926134,0.05253,0.025732,0.087997,-0.023431,0.01687,-0.051622,0.023256,1.952829,0.854169,1.399579,0.206462,0.329757,-0.312483,0.000672,0.03925,0.854169,1.208073
mm/dd/yyyy,,WT,,,20X,Microwell,23,1,16,1,41,1.330186,0.490938,3.444097,0.165093,0.149295,0.27066,-0.193228,0,-0.193228,0,2.871534,0.578545,1.27559,0.258392,0.692468,-0.39313,0.000539,0.06625,0.771854,1.055755
mm/dd/yyyy,,WT,,,20X,Microwell,23,1,16,2,61,1.72622,1.138043,195.815172,0.046551,0.051707,0.27066,-0.018726,0.016759,-0.081882,0.05,2.871534,0.578545,1.27559,0.258392,0.692468,-0.39313,0.000539,0.06625,0.771854,1.055755
mm/dd/yyyy,,WT,,,20X,Microwell,23,1,16,3,86,1.652748,0.107141,2.616498,0.044007,0,0.044007,-0.063134,0,-0.063134,0.04,2.871534,0.578545,1.27559,0.258392,0.692468,-0.39313,0.000539,0.06625,0.771854,1.055755
mm/dd/yyyy,,WT,,,20X,Microwell,23,1,16,4,195,1.542542,0.130854,37.044777,0.023542,0.016449,0.051821,-0.019061,0.013684,-0.037414,0.009174,2.871534,0.578545,1.27559,0.258392,0.692468,-0.39313,0.000539,0.06625,0.771854,1.055755
mm/dd/yyyy,,WT,,,20X,Microwell,23,1,16,5,258,1.364019,0.128466,43.19692,0.02324,0.016501,0.065033,-0.015947,0.013001,-0.045879,0.015873,2.871534,0.578545,1.27559,0.258392,0.692468,-0.39313,0.000539,0.06625,0.771854,1.055755
mm/dd/yyyy,,WT,,,20X,Microwell,23,1,16,6,434,1.21241,0.126268,49.724031,0.023652,0.009153,0.036301,-0.018686,0.010151,-0.033995,0.005682,2.871534,0.578545,1.27559,0.258392,0.692468,-0.39313,0.000539,0.06625,0.771854,1.055755
mm/dd/yyyy,,WT,,,20X,Microwell,23,1,16,7,475,2.871534,2.246758,7.480188,0.344471,0.385169,0.692468,-0.217219,0.08063,-0.311466,0.02439,2.871534,0.578545,1.27559,0.258392,0.692468,-0.39313,0.000539,0.06625,0.771854,1.055755
mm/dd/yyyy,,WT,,,20X,Microwell,24,1,16,1,41,1.24022,0.485678,1.237626,0.226072,0,0.226072,-0.259605,0,-0.259605,0,1.815669,0.596236,1.234775,0.209225,0.226072,-0.368245,0.000261,0.037858,0.941109,1.078844
mm/dd/yyyy,,WT,,,20X,Microwell,24,1,16,2,103,1.694466,1.542383,114.37558,0.037254,0.036933,0.165896,-0.032614,0.065079,-0.368245,0.016129,1.815669,0.596236,1.234775,0.209225,0.226072,-0.368245,0.000261,0.037858,0.941109,1.078844
mm/dd/yyyy,,WT,,,20X,Microwell,24,1,16,3,300,1.271484,0.167715,92.840088,0.013609,0.008974,0.034367,-0.015534,0.012674,-0.051617,0.005076,1.815669,0.596236,1.234775,0.209225,0.226072,-0.368245,0.000261,0.037858,0.941109,1.078844
mm/dd/yyyy,,WT,,,20X,Microwell,24,1,16,4,484,1.815669,0.786657,17.091443,0.056247,0.016086,0.076575,-0.038771,0.035443,-0.115714,0.005435,1.815669,0.596236,1.234775,0.209225,0.226072,-0.368245,0.000261,0.037858,0.941109,1.078844
mm/dd/yyyy,,WT,,,20X,Microwell,25,1,16,1,41,1.260076,0.307188,4.396317,0.130038,0.181499,0.258378,-0.075872,0,-0.075872,0,1.260076,0.899566,0.98866,0.084048,0.258378,-0.075872,-0.000243,0.018861,1.066101,0.938097
mm/dd/yyyy,,WT,,,20X,Microwell,25,1,16,2,248,1.086551,0.244203,5.955455,0.046589,0.060039,0.115907,-0.034812,0.029171,-0.061849,0.004831,1.260076,0.899566,0.98866,0.084048,0.258378,-0.075872,-0.000243,0.018861,1.066101,0.938097
mm/dd/yyyy,,WT,,,20X,Microwell,25,1,16,3,368,1.082191,0.1786,3.689963,0.047095,0.026526,0.065852,-0.042205,0.036075,-0.067713,0.008333,1.260076,0.899566,0.98866,0.084048,0.258378,-0.075872,-0.000243,0.018861,1.066101,0.938097
mm/dd/yyyy,,WT,,,20X,Microwell,25,1,16,4,401,1.050899,0.249289,11.32395,0.032163,0.058222,0.119445,-0.029505,0.024981,-0.06622,0.030303,1.260076,0.899566,0.98866,0.084048,0.258378,-0.075872,-0.000243,0.018861,1.066101,0.938097
mm/dd/yyyy,,WT,,,20X,Microwell,26,1,16,1,41,1.57917,0.642586,3.036407,0.289585,0.368498,0.550153,-0.267121,0,-0.267121,0,4.321729,0.978065,1.365349,0.358102,1.167086,-0.4502,0.000246,0.088829,1.141869,1.271753
mm/dd/yyyy,,WT,,,20X,Microwell,26,1,16,2,43,1.515755,0,0.744259,0,0,0.049519,0,0,-0.074715,0.5,4.321729,0.978065,1.365349,0.358102,1.167086,-0.4502,0.000246,0.088829,1.141869,1.271753
mm/dd/yyyy,,WT,,,20X,Microwell,26,1,16,3,73,1.611304,0.389423,43.040358,0.027303,0.016589,0.360675,-0.028681,0.020358,-0.111148,0.033333,4.321729,0.978065,1.365349,0.358102,1.167086,-0.4502,0.000246,0.088829,1.141869,1.271753
mm/dd/yyyy,,WT,,,20X,Microwell,26,1,16,4,181,1.596431,0.547432,19.061863,0.087489,0.152828,1.167086,-0.036329,0.036719,-0.331305,0.009259,4.321729,0.978065,1.365349,0.358102,1.167086,-0.4502,0.000246,0.088829,1.141869,1.271753
mm/dd/yyyy,,WT,,,20X,Microwell,26,1,16,5,254,4.321729,3.565316,9.235249,0.518788,0.433905,0.042415,-0.194275,0.085892,-0.107596,0.013699,4.321729,0.978065,1.365349,0.358102,1.167086,-0.4502,0.000246,0.088829,1.141869,1.271753
mm/dd/yyyy,,WT,,,20X,Microwell,26,1,16,6,401,1.388717,0.092599,35.155409,0.017981,0.010426,0.029495,-0.032646,0.039619,-0.045593,0.006803,4.321729,0.978065,1.365349,0.358102,1.167086,-0.4502,0.000246,0.088829,1.141869,1.271753
mm/dd/yyyy,,WT,,,20X,Microwell,26,1,16,7,430,1.418482,0.063935,15.55266,0.01525,0.011407,0.128014,-0.011597,0.016743,-0.091207,0.034483,4.321729,0.978065,1.365349,0.358102,1.167086,-0.4502,0.000246,0.088829,1.141869,1.271753
mm/dd/yyyy,,WT,,,20X,Microwell,27,1,16,1,41,1.349188,0.512394,1.473991,0.301113,0,0.301113,-0.211281,0,-0.211281,0,1.550023,0.827339,1.074817,0.167681,0.301113,-0.211281,-0.000151,0.029989,0.983163,0.903573
mm/dd/yyyy,,WT,,,20X,Microwell,27,1,16,2,60,1.500139,0.584018,57.528912,0.058688,0.069228,0.301113,-0.01385,0.011931,-0.033908,0.052632,1.550023,0.827339,1.074817,0.167681,0.301113,-0.211281,-0.000151,0.029989,0.983163,0.903573
mm/dd/yyyy,,WT,,,20X,Microwell,27,1,16,3,259,1.550023,0.726812,11.177453,0.067609,0.046444,0.116197,-0.053527,0.02232,-0.077576,0.005025,1.550023,0.827339,1.074817,0.167681,0.301113,-0.211281,-0.000151,0.029989,0.983163,0.903573
mm/dd/yyyy,,WT,,,20X,Microwell,28,1,16,1,41,1.523665,0.568283,3.095509,0.261833,0.284553,0.463042,-0.210092,0,-0.210092,0,1.604374,0.960635,1.326169,0.116263,0.463042,-0.439267,0.000339,0.04708,1.171045,1.349933
mm/dd/yyyy,,WT,,,20X,Microwell,28,1,16,2,54,1.560904,0.615272,41.078356,0.102392,0.116602,0.463042,-0.020941,0.020005,-0.062334,0.076923,1.604374,0.960635,1.326169,0.116263,0.463042,-0.439267,0.000339,0.04708,1.171045,1.349933
mm/dd/yyyy,,WT,,,20X,Microwell,28,1,16,3,181,1.525205,0.439756,13.331906,0.096646,0.167126,0.347172,-0.06573,0.066257,-0.134392,0.007874,1.604374,0.960635,1.326169,0.116263,0.463042,-0.439267,0.000339,0.04708,1.171045,1.349933
mm/dd/yyyy,,WT,,,20X,Microwell,28,1,16,4,248,1.596432,0.476261,4.815883,0.11829,0.116662,0.200782,-0.119841,0.096256,-0.187905,0.014925,1.604374,0.960635,1.326169,0.116263,0.463042,-0.439267,0.000339,0.04708,1.171045,1.349933
mm/dd/yyyy,,WT,,,20X,Microwell,28,1,16,5,258,1.604374,0.387269,103.549027,0.035522,0.036642,0.200782,-0.026188,0.020126,-0.073622,0.1,1.604374,0.960635,1.326169,0.116263,0.463042,-0.439267,0.000339,0.04708,1.171045,1.349933
mm/dd/yyyy,,WT,,,20X,Microwell,29,1,16,1,41,1.509365,0.577922,2.932646,0.450832,0,0.450832,-0.12709,0,-0.12709,0,2.702576,0.904678,1.142908,0.241774,0.820794,-0.252767,-0.000336,0.06391,1.102948,0.925677
mm/dd/yyyy,,WT,,,20X,Microwell,29,1,16,2,105,1.56282,0.540184,60.964119,0.027174,0.01783,0.06919,-0.022042,0.016944,-0.051614,0.015625,2.702576,0.904678,1.142908,0.241774,0.820794,-0.252767,-0.000336,0.06391,1.102948,0.925677
mm/dd/yyyy,,WT,,,20X,Microwell,29,1,16,3,181,1.409709,0.460002,22.126669,0.066017,0.114133,0.267646,-0.036529,0.03568,-0.091249,0.013158,2.702576,0.904678,1.142908,0.241774,0.820794,-0.252767,-0.000336,0.06391,1.102948,0.925677
mm/dd/yyyy,,WT,,,20X,Microwell,29,1,16,4,254,2.702576,1.97145,8.092215,0.358086,0.336819,0.820794,-0.134776,0.035141,-0.168325,0.013699,2.702576,0.904678,1.142908,0.241774,0.820794,-0.252767,-0.000336,0.06391,1.102948,0.925677
mm/dd/yyyy,,WT,,,20X,Microwell,29,1,16,5,479,2.063015,1.129396,7.444055,0.16534,0.099697,0.273765,-0.117009,0.027335,-0.149633,0.004444,2.702576,0.904678,1.142908,0.241774,0.820794,-0.252767,-0.000336,0.06391,1.102948,0.925677
mm/dd/yyyy,,WT,,,20X,Microwell,30,1,16,1,41,1.691848,0.731586,2.901633,0.638466,0,0.638466,-0.09312,0,-0.09312,0,5.014993,0.979977,1.504447,0.71952,1.479457,-0.526845,0.000087,0.138986,1.123743,1.169512
mm/dd/yyyy,,WT,,,20X,Microwell,30,1,16,2,106,5.014993,3.819406,14.184933,0.288624,0.180732,0.499499,-0.257005,0.1553,-0.447967,0.015385,5.014993,0.979977,1.504447,0.71952,1.479457,-0.526845,0.000087,0.138986,1.123743,1.169512
mm/dd/yyyy,,WT,,,20X,Microwell,30,1,16,3,181,1.671709,0.592156,16.600078,0.072846,0.151681,0.382135,-0.043541,0.037158,-0.088572,0.013333,5.014993,0.979977,1.504447,0.71952,1.479457,-0.526845,0.000087,0.138986,1.123743,1.169512
mm/dd/yyyy,,WT,,,20X,Microwell,30,1,16,4,254,4.780093,3.973309,9.979994,0.810127,0.649319,1.479457,-0.149258,0.062505,-0.225111,0.013699,5.014993,0.979977,1.504447,0.71952,1.479457,-0.526845,0.000087,0.138986,1.123743,1.169512
mm/dd/yyyy,,WT,,,20X,Microwell,30,1,16,5,474,3.575872,2.903238,9.443605,0.463527,0.382853,0.910484,-0.117121,0.058994,-0.195992,0.004545,5.014993,0.979977,1.504447,0.71952,1.479457,-0.526845,0.000087,0.138986,1.123743,1.169512
mm/dd/yyyy,,WT,,,20X,Microwell,31,1,16,1,41,1.544497,0.588894,3.160512,0.272249,0.297538,0.482639,-0.21722,0,-0.21722,0,1.584456,0.966479,1.195062,0.141923,0.482639,-0.341191,-0.000107,0.039943,1.142322,1.085939
mm/dd/yyyy,,WT,,,20X,Microwell,31,1,16,2,43,1.5001,0,0.753265,0,0,0.482639,0,0,-0.034867,0.5,1.584456,0.966479,1.195062,0.141923,0.482639,-0.341191,-0.000107,0.039943,1.142322,1.085939
mm/dd/yyyy,,WT,,,20X,Microwell,31,1,16,3,58,1.584456,0.668558,57.048792,0.075953,0.111341,0.010167,-0.019122,0.008528,-0.034867,0.066667,1.584456,0.966479,1.195062,0.141923,0.482639,-0.341191,-0.000107,0.039943,1.142322,1.085939
mm/dd/yyyy,,WT,,,20X,Microwell,31,1,16,4,68,1.58131,0.028501,3.386729,0.008594,0.002225,0.059784,-0.034867,0,-0.018315,0.1,1.584456,0.966479,1.195062,0.141923,0.482639,-0.341191,-0.000107,0.039943,1.142322,1.085939
mm/dd/yyyy,,WT,,,20X,Microwell,31,1,16,5,137,1.329696,0.144359,5.304533,0.053355,0.009093,0.2112,-0.012907,0.007095,-0.082719,0.014493,1.584456,0.966479,1.195062,0.141923,0.482639,-0.341191,-0.000107,0.039943,1.142322,1.085939
mm/dd/yyyy,,WT,,,20X,Microwell,31,1,16,6,181,1.394627,0.270184,19.869389,0.135492,0.107067,0.030174,-0.034148,0.02586,-0.042506,0.022727,1.584456,0.966479,1.195062,0.141923,0.482639,-0.341191,-0.000107,0.039943,1.142322,1.085939
mm/dd/yyyy,,WT,,,20X,Microwell,31,1,16,7,194,1.280861,0.07268,1.993536,0.030174,0,0.189738,-0.042506,0,-0.145614,0.076923,1.584456,0.966479,1.195062,0.141923,0.482639,-0.341191,-0.000107,0.039943,1.142322,1.085939
mm/dd/yyyy,,WT,,,20X,Microwell,31,1,16,8,248,1.416398,0.338772,3.742807,0.189738,0,0.10078,-0.08553,0.084972,-0.044688,0.018519,1.584456,0.966479,1.195062,0.141923,0.482639,-0.341191,-0.000107,0.039943,1.142322,1.085939
mm/dd/yyyy,,WT,,,20X,Microwell,31,1,16,9,257,1.501901,0.3158,9.612282,0.037417,0.045606,0.018806,-0.025743,0.011095,-0.117968,0.111111,1.584456,0.966479,1.195062,0.141923,0.482639,-0.341191,-0.000107,0.039943,1.142322,1.085939
mm/dd/yyyy,,WT,,,20X,Microwell,31,1,16,10,382,1.188792,0.068096,17.942737,0.014605,0.00667,0.019861,-0.052959,0.05936,-0.0261,0.008,1.584456,0.966479,1.195062,0.141923,0.482639,-0.341191,-0.000107,0.039943,1.142322,1.085939
mm/dd/yyyy,,WT,,,20X,Microwell,31,1,16,11,428,1.168586,0.076845,17.887456,0.008499,0.007525,0.092505,-0.012874,0.009519,-0.098725,0.021739,1.584456,0.966479,1.195062,0.141923,0.482639,-0.341191,-0.000107,0.039943,1.142322,1.085939
mm/dd/yyyy,,WT,,,20X,Microwell,31,1,16,12,467,1.194849,0.218657,7.205872,0.047207,0.06406,0.029301,-0.080346,0.025992,-0.024518,0.025641,1.584456,0.966479,1.195062,0.141923,0.482639,-0.341191,-0.000107,0.039943,1.142322,1.085939
,,,,,,,,,,,,,,,,,,,,,,,,,,,,,,,
,,,,,,,,,"drug at 39s, cut at  234, 459s",,,,,,,,,,,,,,,,,,,,,,
,,,,,,,,,cut cells 1 and 2,,,,,,,,,,,,,,,,,,,,,,
